Year,Month,whey_price,whey_qty,Whey_cny,dairy_value_usd,dairy_qty_ton,dairy_usd_per_kg,tariff_rate_on_dairy,tariff_rate_on_alfalfa,alfalfa_qty,alfalfa_price_usd_ton,feed_qty_mt,feed_value_usd,feed_price_usd_ton,farmgate_cny_kg,FAO_dairry_price_index
2005,1,474.2,3911.4,,4480,6271.7,0.714319881,15,5,0,NA,851.9,774000,908.5573424,NA,76.21881756
2005,2,465.5,6287.3,,6996,9639.1,0.725793902,15,5,144,97.22222222222223,2884.5,1341000,464.8985959,NA,76.66764719
2005,3,533.3,8764.1,,7472,13307.1,0.561504761,15,5,0,NA,967.8,541000,558.9997933,NA,77.00667738
2005,4,470.9,9341.6,,7818,13959.1,0.560064761,15,5,0,NA,1677.8,1530000,911.9084515,NA,76.17646356
2005,5,443.8,6394.9,,5091,10152.9,0.501433088,15,5,0,NA,11818.2,4300000,363.8455941,NA,76.51078968
2005,6,432.9,4004,,3378,5730.6,0.589467072,12,5,100,220,1508.8,1026000,680.0106045,NA,76.36046465
2005,7,379.6,4413.4,,4793,6675.4,0.718009408,12,5,0,NA,12001,3721000,310.0574952,NA,77.0991157
2005,8,418.5,5379.1,,4751,7492.8,0.634075379,12,5,7,857.1428571428571,2353.7,1227000,521.3068785,NA,78.34242864
2005,9,414,6086.4,,4568,7616.3,0.599766291,12,5,0,NA,13292.3,4047000,304.4619817,NA,78.74656267
2005,10,493,4625.4,,4141,5497.4,0.75326518,12,5,0,NA,2107.3,1460000,692.8296873,NA,78.49946709
2005,11,506.5,4534,,4291,6188.6,0.693371683,12,5,0,NA,14313,4235000,295.8848599,NA,77.96557629
2005,12,436.6,4508.5,,3726,5907.3,0.63074501,12,5,0,NA,11181.6,3093000,276.6151535,NA,76.92674117
2006,1,555.3,3694,,5001,6068.5,0.824091621,12,7.5,213,220.65727699530515,10032.4,3394000,338.3038954,NA,74.33502425
2006,2,583.9,6039.4,,7439,8950.1,0.831163898,15,7.5,0,NA,1874.6,1757000,937.2666169,NA,74.45543302
2006,3,692,8593.6,,10536,11567.3,0.910843498,15,7.5,0,NA,2396.1,2107000,879.3456033,NA,73.06998019
2006,4,680.2,7818.3,,11149,11570.3,0.963587807,15,7.5,0,NA,2678.7,1409000,526.0014186,NA,71.60039967
2006,5,703,6004.5,,12233,11610.4,1.053624337,15,7.5,0,NA,3447.5,1576000,457.1428571,NA,71.25965795
2006,6,944.9,4876,,12464,8766.7,1.421743644,15,5,0,NA,2179.4,1763000,808.9382399,NA,71.00055587
2006,7,706.8,5117,,11482,9032.3,1.271215526,15,5,0,NA,3450.8,2139000,619.8562652,NA,71.28180874
2006,8,776.7,3210.6,,8902,6812.4,1.306734778,15,5,0,NA,3602.5,3217000,892.9909785,NA,70.29798391
2006,9,799,5105.7,,7883,8083,0.975256712,15,5,0,NA,2251.9,1790000,794.8843199,NA,70.34392992
2006,10,852.9,4002.6,,9906,8054,1.229947852,15,5,107,140.18691588785046,2438.8,1928000,790.5527309,NA,71.90488977
2006,11,1323.9,3476.5,,9953,6789.6,1.465918464,12,5,0,NA,2427.8,2075000,854.6832523,NA,75.39288215
2006,12,1205.4,4563.5,,9296,8575.2,1.084056349,15,5,100,200,4430.2,3981000,898.6050291,NA,81.69783662
2007,1,1370.4,3434.6,,9236,6121.9,1.508681945,12,5,0,NA,4005,4039000,1008.489388,NA,84.24031081
2007,2,1473.3,4813.7,,11251,7463.3,1.507510083,12,5,218.2,227.27272727272728,5905.5,2417000,409.2794852,NA,88.28446236
2007,3,1413.5,7102.6,,15404,9921.2,1.552634762,12,5,196.9,181.8181818181818,6709.4,2653000,395.4153874,NA,91.77370071
2007,4,1463.7,4742.3,,12053,7497.4,1.607623976,12,5,0,NA,9200,2912000,316.5217391,NA,102.0297265
2007,5,1615.5,6132.2,,15873,8956,1.772331398,12,5,0,NA,2885.9,2610000,904.3972418,NA,105.2760049
2007,6,1632.6,3092,,12218,5646.3,2.16389494,15,7.5,22,181.8181818181818,4942.5,3280000,663.6317653,NA,121.0446681
2007,7,1770.8,1587.6,,8031,3393.1,2.366862161,15,7.5,0,NA,3904.8,3761000,963.17353,NA,135.0338955
2007,8,1367.1,3694.5,,9950,5325.9,1.8682288440000001,15,7.5,44,113.63636363636364,7442.9,4729000,635.3706217,NA,141.4954678
2007,9,1143.4,3835.2,,8068,5916.2,1.363713194,15,7.5,595,176.47058823529412,7184.6,5801000,807.4214292,NA,145.0935608
2007,10,1301,7763.7,,14615,9725.5,1.502750501,15,7.5,585,170.94017094017093,12572.2,6830000,543.262118,NA,147.9713005
2007,11,1295.1,6763.9,,17380,9752.8,1.782052334,15,7.5,303,250.82508250825083,5583.8,4980000,891.8657545,NA,153.9910314
2007,12,1166,7461,,19444,11035.4,1.761966037,15,7.5,706,208.21529745042494,11619.2,9334000,803.3255302,NA,152.5594222
2008,1,1304.6,4372.4,,20718,8430.5,2.457505486,12,7.5,835,200,11850.8,8259000,696.9149762,NA,150.6343671
2008,2,1507.6,4967.2,,18691,9989.6,1.871045888,12,7.5,1447,203.17899101589495,11852.5,4681000,394.9377768,NA,149.878067
2008,3,867.1,6172,,17688,11004.8,1.607298633,12,7.5,1667,218.35632873425314,13830.9,6488000,469.0945636,NA,152.632936
2008,4,1338.4,5225.3,,19498,11440.6,1.704281244,12,7.5,1515,229.7029702970297,9236.6,5791000,626.9623021,NA,148.9489508
2008,5,1136.8,3713.5,,16254,9485.2,1.713617003,12,7.5,1651,214.41550575408843,10438,7352000,704.3494922,NA,144.2598033
2008,6,972.7,5316.7,,10828,8657.4,1.250721926,12,7.5,2896,234.11602209944752,9151.5,5910000,645.7957712,NA,143.8982262
2008,7,1115.3,7163.7,,16245,10463.4,1.552554619,12,5,469,240.93816631130065,12771.7,9857000,771.7844923,NA,144.1179755
2008,8,1136.1,7090.5,,15441,10749.9,1.436385455,12,5,1381,204.92396813902968,15754.8,10631000,674.7784802,NA,133.5486456
2008,9,998.6,6784.3,,11591,8724.5,1.32855751,12,5,1424,183.98876404494382,10312.5,6749000,654.4484848,NA,120.5041686
2008,10,813.3,6995.2,,8794,9753.5,0.901625058,12,5,1059,180.35882908404156,5372.9,4580000,852.4260641,NA,106.9503961
2008,11,890.7,8283.5,,12465,11412,1.092271293,12,5,1266,237.75671406003158,5816.9,4212000,724.0970276,NA,97.7755885
2008,12,916.5,6576.9,,11258,10216.5,1.101942935,15,5,3738,277.68860353130015,11575.8,4810000,415.5220374,NA,94.89029124
2009,1,745.4,4089.8,,5768,6818.1,0.845983485,15,5,1437,267.22338204592904,7341.3,4377000,596.2159291,2.62,88.19398325
2009,2,608.5,7174.4,,7113,10351.2,0.687166705,15,5,4131,301.13773904623577,10882.2,5302000,487.2176582,2.57,82.56049181
2009,3,593.9,11345,,12075,17034.7,0.708847235,15,5,2788,211.62123385939742,13003.4,10359000,796.6378024,2.49,80.85013687
2009,4,773.5,6765.5,,11196,11759.8,0.952057008,15,5,5032,263.1160572337043,18036.2,8972000,497.4440292,2.43,80.39093481
2009,5,809.8,7933.7,,13560,15901.9,0.85272829000000006,15,5,4340,280.87557603686633,21153.4,11100000,524.7383399,2.37,83.49287299
2009,6,584.5,8234.1,,11344,15526.9,0.730603018,15,7.5,10088,238.6994448850119,28146.3,11568000,410.9954061,2.32,84.66477839
2009,7,875.9,5654.7,,9273,9326.6,0.994252997,15,7.5,3361,219.27997619756025,28331.7,12277000,433.3308626,2.32,85.12781263
2009,8,829.1,6872,,12275,12474.9,0.983975823,15,7.5,11617,236.29164155978307,90436.6,26007000,287.5716248,2.31,87.95288926
2009,9,1033.9,7113,,11647,11018.5,1.057040432,15,7.5,7415,248.81995954146998,140280,32372000,230.7670374,2.36,95.0789374
2009,10,707,9675,,15194,15582,0.975099474,15,7.5,7116,243.1141090500281,176179.3,40878000,232.0249882,2.43,102.6565122
2009,11,732.7,8797.4,,12855,13043.5,0.985548357,15,7.5,9045,242.89662797125484,146126.2,36519000,249.9141153,2.52,113.0970062
2009,12,903.1,10030.3,,15140,14248.9,1.062538161,15,7.5,8615,224.37608821822403,149658.5,36433000,243.4409005,2.68,112.802408
2010,1,909.1,9939.1,,13051,12918.8,1.010233149,0,7.5,6897,220.96563723357983,138776.2,32452000,233.8441318,2.68,108.9779536
2010,2,964.9,10175.9,,16643,13309.2,1.250488384,0,7.5,13160,223.10030395136778,157258.6,39269000,249.7097138,2.73,101.5882131
2010,3,958.6,10520,,19908,16008,1.243628186,0,7.5,22210,214.0477262494372,186136.3,43186000,232.0127777,2.74,101.6001718
2010,4,918.3,12599.5,,23031,18722,1.230157035,0,7.5,16414,210.9784330449616,230471,52952000,229.7555875,2.79,109.7375142
2010,5,964.6,12273.2,,24588,19900.1,1.235571681,5,7.5,6439,262.77372262773724,363856,78991000,217.0941251,2.82,111.7574269
2010,6,890.5,7465.9,,15472,13304,1.162958509,5,5,6968,248.42135476463835,361808.4,82124000,226.9820159,2.86,110.4405512
2010,7,1265.8,5132.9,,14476,10545.6,1.372705204,15,5,8266,247.15702879264458,420520.4,90898000,216.155982,2.89,112.842359
2010,8,757.4,9715.8,,15478,13968.2,1.108088372,15,5,11946,222.66867570734973,374172.9,73147000,195.4898391,2.93,112.2569089
2010,9,711.3,12542.9,,24154,20400.1,1.184013804,15,5,16736,238.46797323135755,291198.6,65202000,223.9090435,2.98,116.0260131
2010,10,728,12725.4,,20941,19327.2,1.083498903,15,5,12536,236.11997447351627,296922.5,65903000,221.9535401,3.02,121.385669
2010,11,751.3,12135.9,,17525,18523.4,0.946100608,20,5,8580,248.71794871794873,231048.8,55225000,239.0187701,3.07,118.73574670000001
2010,12,1015.7,13798.3,,31916,21634.5,1.475236312,20,5,10459,255.5693660961851,236434.2,61001000,258.0041297,3.18,117.4390784
2011,1,956.1,10466.9,,19263,15884.8,1.212668715,20,10,6738,239.98219056099734,161648.8,49006000,303.1634012,3.18,122.7837784
2011,2,802.7,8110.3,,21300,16124.1,1.321003963,20,10,12593,248.39196378940682,158880.4,45802000,288.2797375,3.2,130.2617201
2011,3,1084.1,11013.3,,21255,16083.2,1.32156536,20,10,11288,276.93125442948264,121345.3,37049000,305.3187886,3.2,135.8088466
2011,4,903.7,10027.7,,22607,17028,1.327636833,20,10,11216,283.16690442225394,100690.1,34209000,339.7454169,3.2,134.5187196
2011,5,1058,12841.3,,30396,20581.4,1.476867463,20,10,7017,263.9304546102323,97858.9,30395000,310.6002622,3.19,134.1712872
2011,6,1059.5,11511.6,,25175,17825.1,1.412334293,15,10,4038,259.0391282813274,127091.3,42610000,335.2707856,3.2,135.3177611
2011,7,1110.2,12769.3,,31762,20097.2,1.580419163,15,5,5403,275.21747177493984,163049.7,53455000,327.8448228,3.19,133.5680609
2011,8,1125.2,15921.5,,33896,23015.3,1.472759425,15,5,15630,271.5291106845809,205338.4,64825000,315.6983789,3.19,131.8809009
2011,9,1315.4,11308.1,,36889,19143.4,1.926982668,15,5,20628,283.74054682955204,244101.8,77638000,318.0558275,3.2,127.1188076
2011,10,1401.8,14378.6,,36291,20834,1.741912259,15,5,25030,301.19856172592887,240501.3,76746000,319.1084622,3.22,126.2054443
2011,11,1377.6,19916.9,,47719,28347.8,1.683340506,15,5,26097,266.42909146645206,230456.8,71452000,310.045093,3.23,125.0588483
2011,12,1271.1,13948.3,,35416,21586.7,1.640639838,15,5,31745,276.5789888171366,163686,53041000,324.041152,3.26,121.994248
2012,1,1328.4,8671.8,,34542,17375.2,1.988005893,15,5,29216,231.5854326396495,163618,49263000,301.0854551,3.26,120.3340219
2012,2,1290.8,9069.1,,30491,16253.4,1.875976719,5,5,38883,211.99495923668442,232893.3,68189000,292.7907329,3.28,121.242063
2012,3,1200.8,13197,,36987,21395,1.728768404,5,5,28784,342.27348526959423,262005.6,82372000,314.3902268,3.28,118.0670453
2012,4,1275.8,11454.9,,37260,20417.3,1.824922982,5,5,26158,320.28442541478705,332056.3,101767000,306.4751369,3.27,112.5253603
2012,5,1107.6,14609.6,,41068,23486.6,1.748571526,5,5,22717,267.59695382312805,309267.6,94999000,307.17411070000003,3.27,105.5211652
2012,6,995.2,13408.2,,34875,22672.8,1.538186726,5,5,28399,274.8688334096271,341138.1,111134000,325.7742246,3.27,102.2774687
2012,7,923.1,14143.8,,28891,20443,1.413246588,5,5,25271,264.13675754817774,325065,100009000,307.6584683,3.27,99.73376754
2012,8,1044.8,14036.5,,31868,21649.5,1.471997044,5,5,30653,280.2335823573549,241849.9,78646000,325.1851665,3.27,101.9929011
2012,9,1058,17154.8,,36135,25459,1.419340901,5,5,34496,280.5832560296846,251823.9,85750000,340.5157334,3.28,110.9542063
2012,10,1101.9,14460.5,,34653,23690.4,1.462744403,5,5,28068,278.4309533988884,214490.4,79002000,368.3241767,3.31,114.2221146
2012,11,1208.4,12020.8,,33731,20430.8,1.650987724,5,5,25805,310.5599689982561,159528,61606000,386.1767213,3.34,114.861453
2012,12,1277.8,12330.6,,34684,20886.3,1.660610065,5,5,39941,328.9351793895997,181322.8,71098000,392.1073356,3.4,118.149156
2013,1,1291.2,13446.1,,30599,18643.3,1.641286682,5,5,28916,335.4544196984369,152314,57802000,379.4923645,3.4,121.007555
2013,2,1103,10043.1,,26846,17144.5,1.565866604,5,5,46185,311.0100682039623,214444.3,80404000,374.9411852,3.42,123.7723206
2013,3,1065.3,11958.5,,31644,19587.5,1.615520102,5,5,49175,320.9964412811388,254343,92486000,363.6270705,3.42,128.0330482
2013,4,1160.8,15654.1,,45692,27132.7,1.684019652,5,5,49294,316.3265306122449,347942.4,125376000,360.3355038,3.43,140.8162204
2013,5,1122.4,17569.6,,61155,34851.3,1.754740856,5,5,42642,308.45176117442895,339679.2,119485000,351.758365,3.45,139.9765659
2013,6,1180.1,20104.4,,75963,38966.8,1.949428744,10,5,33518,290.4707918,408381.6,141930000,347.5425925,3.5,140.2585705
2013,7,1374.2,18899,,71898,35198.1,2.042667076,10,5,43098,287.6699614831315,598084.7,202785000,339.0573275,3.55,140.9898098
2013,8,1365.5,19481.9,,86127,38266.2,2.250733023,10,5,67204,304.49080411880243,716110,235722000,329.1700996,3.61,145.6496677
2013,9,1377.6,13760.3,,74777,30873.7,2.422029106,10,5,56485,284.8543861202089,600817.8,200573000,333.8333185,3.7,149.0006254
2013,10,1474.3,14688,,68118,28305.2,2.406554273,10,5,59212,292.47449841248397,707665.6,226035000,319.4093368,3.81,152.9606033
2013,11,1611.8,13429.4,,62879,25356.7,2.47977852,10,5,55160,307.46918056562725,755630.6,226859000,300.2247394,3.98,151.9296748
2013,12,1680.9,14045,,71197,28136.2,2.530441211,10,5,46994,300.9958718,690371.3,208303000,301.7260422,4.23,156.4882945
2014,1,1778.3,11312.6,,48108,20180.9,2.383838184,10,5,30468,295.9170277011947,457110.9,140047000,306.37423,4.23,156.1831073
2014,2,1225.1,14085,,58549,26512.4,2.208362879,10,5,48945,319.35846358157113,610680.7,187665000,307.3046193,4.26,156.4176218
2014,3,1369,19138.3,,90942,40314,2.255841643,10,5,74499,298.76911099477843,785023,239405000,304.965587,4.23,154.7919872
2014,4,1381.1,17874.4,,59602,29156.9,2.044181652,10,5,62917,309.72551138801913,622126.5,192481000,309.3920609,4.21,147.3018639
2014,5,1517.8,16717.1,,69332,32267.5,2.148663516,10,5,49631,308.6981926618444,713440.9,216699000,303.7378429,4.16,141.8010575
2014,6,1430.2,16446.3,,62534,29918.3,2.090158866,15,7.5,52429,296.7250948902325,728698.1,237586000,326.0417449,4.08,136.0528237
2014,7,1491.3,17711.7,,60782,30202,2.012515727,15,7.5,68580,322.36803732866724,734339.3,235100000,320.1517337,4,130.2120025
2014,8,1325.5,16031.7,,66175,29944.4,2.209929069,15,7.5,61532,340.01820191120066,602069.5,184851000,307.0260161,3.95,120.6346068
2014,9,1570.3,10889.5,,49800,23744.8,2.097301304,15,7.5,57272,351.34096940913537,265981.7,90774000,341.2791181,3.92,110.8497202
2014,10,1403.4,15611.3,,46608,26126.8,1.783915367,15,7.5,52855,350.8277362595781,104636.5,40672000,388.6980165,3.9,107.1092088
2014,11,1162.4,13934.3,,40768,25008,1.630198337,15,7.5,49446,341.78699995955185,93770.2,39860000,425.0817424,3.84,102.6417908
2014,12,1207.6,13508.6,,42480,26281.1,1.6163707,15,7.5,51863,329.5605730482232,220140.6,63474000,288.3339102,3.84,98.48250282
2015,1,1250,9019.5,"78,555,288",28456,17926.6,1.587361798,15,7.5,45935,333.5582889,251723.8,70502000,280.0768143,3.56,92.39105312
2015,2,1015.3,8440.7,"70,636,315",31430,19388.6,1.621055672,15,7.5,48021,306.6158555631911,384785.8,109102000,283.5395693,3.44,95.17096624
2015,3,914.8,14304.1,"82,430,098",42670,28511.5,1.496589096,15,7.5,79176,326.7404263918359,635661.8,181593000,285.675496,3.42,95.13871594
2015,4,1037.4,17635.1,"114,824,462",52248,34777.3,1.502359298,15,7.5,95395,351.88427066408093,800117.2,230268000,287.7928383,3.4,90.58931101
2015,5,922.4,19378.2,"117,017,671",52151,35959,1.450290609,15,7.5,94286,354.5171075239166,1166122.6,321052000,275.3158201,3.4,89.87995109
2015,6,1005.5,15279.5,"138,303,037",46201,29033.5,1.591299706,10,7.5,78153,365.30907322815506,1072720.2,300399000,280.0348124,3.41,87.68688158
2015,7,885.4,15370,"117,379,958",37221,25680.2,1.4494046,10,7.5,87506,355.63275661097526,1160474.4,327987000,282.6318271,3.41,82.20232625
2015,8,1004.8,10218.3,"78,552,876",34857,21606,1.613301861,10,7.5,81279,334.5144502269959,939756.3,260515000,277.2154866,3.41,79.94961164
2015,9,868.3,13198.9,"88,264,304",31530,22649.4,1.392089857,10,7.5,60241,327.1360037183978,661883.9,179020000,270.4703952,3.44,83.20013452
2015,10,1008.2,12532.9,"66,435,607",30565,20031.7,1.525831557,10,7.5,70170,326.39304546102323,542715.2,143858000,265.070888,3.47,88.0201083
2015,11,1254.6,9522.7,"77,602,857",34066,20174.1,1.688600731,10,7.5,70003,325.82889304744083,446437.2,115828000,259.4497054,3.5,80.52290471
2015,12,1265.1,9549.8,"94,581,717",30233,18502.9,1.633960082,10,7.5,70677,318.36382415778826,404670.2,99359000,245.5308051,3.56,80.98982101
2016,1,1012.2,10065.6,"82,205,379",25024,17389,1.439070677,15,7.5,46039,305.69734355654987,380382.2,93589000,246.0393783,3.56,79.3749745
2016,2,1012.1,10766.6,"48,209,747",25509,18374.1,1.388312897,15,7.5,76939,319.6948231716035,442544.2,110082000,248.7480347,3.56,78.83776299
2016,3,893.6,10853.6,"94,072,857",25735,18618.9,1.382197659,15,7.5,74040,325.4186925985953,322166.3,89944000,279.1850048,3.54,76.66905329
2016,4,775.8,12738.9,"65,524,966",24966,21626.1,1.154438387,15,7.5,81687,310.3431391,300721,83533000,277.7757456,3.47,77.14410522
2016,5,769.5,17926.7,"97,326,841",33114,29183.4,1.134686157,15,7.5,89011,304.62527103391716,461955.5,111026000,240.3391669,3.46,72.70320537
2016,6,674.6,21721.7,"96,971,370",30176,30698.3,0.982986029,20,5,101763,300.8657370557079,565557.6,136981000,242.2052148,3.42,73.90684559
2016,7,728.5,19438.3,"118,884,920",33007,28875.3,1.143087691,20,5,120799,305.04391592645635,605851.4,163483000,269.8400961,3.4,76.01543778
2016,8,747.2,20906.1,"113,331,090",33885,29709.7,1.140536592,20,5,123796,306.6415716178229,492825.2,130381000,264.5583059,3.39,81.81047883
2016,9,822.9,16952.9,"122,873,064",28792,24107.4,1.194322075,20,5,91587,302.5866116370227,315235.4,82376000,261.3158294,3.44,90.85479263
2016,10,772.8,20504.4,"100,373,132",37293,29272.8,1.273981307,20,5,86009,311.99060563429407,275091.8,75466000,274.3302418,3.45,93.75854241
2016,11,835.4,23186.3,"136,144,864",40438,32715,1.236069081,20,5,105299,296.5270325454183,216034.5,65383000,302.650734,3.47,94.50275198
2016,12,937.7,22586.1,"153,612,448",48646,34312.1,1.417750589,25,5,95486,300.56762247868795,214488,63900000,297.9187647,3.54,96.20197055
2017,1,947.7,18982.3,"151,404,057",36472,28362.8,1.285909713,25,5,74385,286.32116690192913,215331.2,57408000,266.6032605,3.54,98.55019651
2017,2,1100.9,20364,"132,156,661",45874,30333.6,1.512316375,25,5,108862,280.22634160680497,215542.7,63321000,293.774737,3.54,99.22637456
2017,3,1098,20397.9,"206,199,264",49036,33451.9,1.465865915,25,5,123415,280.2252562492404,222817,68605000,307.8984099,3.53,100.6262388
2017,4,1100,19779,"164,154,549",48002,31970.9,1.501427861,25,5,122826,283.5637405760995,223471.3,66429000,297.2596481,3.5,100.0443812
2017,5,1070.1,21913.3,"151,326,037",49012,33572.1,1.459902717,25,5,117292,279.2773590696723,204549.5,62291000,304.5277549,3.45,104.8306999
2017,6,1169.5,19298.5,"207,718,448",48147,29769.8,1.61731016,25,5,109574,285.8524832533265,178787.2,58277000,325.9573392,3.42,109.6562267
2017,7,1121,18953.6,"180,187,267",47846,29181.8,1.639583576,25,5,83067,287.20189726365464,136369.9,47952000,351.6318484,3.41,113.895557
2017,8,986.8,19825.9,"166,150,082",51371,33943.2,1.5134401,25,5,94674,281.8619684390646,151142.6,52815000,349.4382127,3.41,116.8934883
2017,9,946.4,17326.7,"137,867,966",46420,28888.5,1.606867785,25,5,77856,298.5640156185779,124914.3,45113000,361.1516055,3.46,118.3996848
2017,10,840.4,20264.2,"134,128,367",52658,35589.3,1.479602015,25,5,77068,291.40499299320084,136217.5,46639000,342.3862573,3.48,115.3678462
2017,11,911.5,22196.3,"119,203,359",47807,33380.2,1.432196332,25,5,81796,279.17013056873196,142040.9,48310000,340.1133054,3.5,111.3747396
2017,12,867.5,24230,"152,402,033",53947,38158,1.413779548,25,5,99911,285.6942678984296,176839.2,58212000,329.180408,3.5,107.2698327
2018,1,885.6,20258.4,"144,490,415",38224,29618.5,1.290544761,25,5,70793,290.26881188818106,123839.2,41081000,331.7285641,3.5,105.998144
2018,2,850.1,19886,"111,265,684",46886,35606.2,1.316793143,25,5,88250,303.6940509915014,150503.2,54868000,364.5636771,3.48,108.757192
2018,3,984.4,22290.5,"128,311,325",56000,39643.3,1.412596832,25,5,91365,310.57844907787444,146847.9,52817000,359.6714696,3.47,111.2931874
2018,4,914.6,23509.3,"132,019,187",60697,43595.4,1.392279919,25,5,93190,296.2871553,158220.8,56570000,357.5383262,3.45,109.9883126
2018,5,933,20697.5,"159,745,183",55949,38405.2,1.456807932,25,5,88667,301.7582640666764,153654,52070000,338.8782589,3.42,111.4192791
2018,6,918.7,17745.1,"134,268,562",46304,34493.8,1.342386168,50,5,88626,312.5380813756685,150777.9,51620000,342.3578654,3.39,112.2805641
2018,7,1096.8,13716.2,"94,105,101",34660,24955.9,1.388849931,50,30,78775,309.5017454776262,140068.4,51238000,365.8069914,3.37,110.1286617
2018,8,843.8,14109.3,"109,762,581",34335,26864.5,1.278080739,50,30,71530,301.8034391164546,118107.2,42653000,361.138017,3.38,108.4579527
2018,9,897.4,10434.9,"80,507,906",28324,20399.5,1.388465404,45,39,50326,304.55430592536663,101276.4,36600000,361.3872531,3.45,108.2918586
2018,10,1143.7,9501.6,"88,587,333",31843,19022.9,1.673929842,45,39,37500,318.4,91734.6,35571000,387.7599074,3.51,102.8037264
2018,11,826.5,13252.1,"77,915,127",31859,22322.3,1.427227481,45,39,45878,326.88870482584247,95535.5,39220000,410.5280236,3.55,99.99313476
2018,12,1030.6,11629,"82,041,025",32851,20962.6,1.567124307,45,39,63663,317.73557639445204,100277.3,36973000,368.7075739,3.61,97.84823706
2019,1,1040.3,9114.4,"88,501,107",30740,17651.5,1.741495057,45,39,24233,322.5353856311641,50847,21733000,427.4195134,3.61,100.9469787
2019,2,1040.8,8000,"59,391,989",28565,16901.3,1.690106678,45,39,45864,329.1906506,79374.2,30093000,379.1282306,3.62,103.7642895
2019,3,1149,9996.2,"61,322,228",38957,20362.4,1.913183122,45,39,57974,323.1966053748232,109098.4,41498000,380.3722144,3.59,105.6475341
2019,4,1549.8,6289.8,"82,375,185",34136,16017.1,2.131222256,45,39,59708,319.8901319756147,111130,43325000,389.858724,3.55,106.1280062
2019,5,1445.8,6702.5,"55,194,528",31260,13352.1,2.341204754,45,39,64066,339.8682608559923,108267.9,44356000,409.6874512,3.53,106.592841
2019,6,1136.8,10213.8,"66,645,957",30397,18586.7,1.635416723,40,39,55135,333.4542486623742,100437.3,35651000,354.9577697,3.55,102.8910844
2019,7,1156.8,8205.2,"72,757,668",29285,16473.7,1.777682002,40,39,69132,333.79621593473354,124791.3,43713000,350.2888423,3.59,101.0642112
2019,8,1598.4,4845.4,"64,401,660",26209,12412.1,2.11156855,40,39,82543,342.8516046,143358.3,49537000,345.5467873,3.65,100.2996521
2019,9,1309.3,8179.7,"53,116,795",28059,15239.7,1.841177976,40,39,98105,341.7868610162581,144676.2,50561000,349.47697,3.71,99.63812689
2019,10,986.3,6007,"53,410,070",26804,14284.6,1.876426361,40,39,120773,336.7391718347644,176810.8,60525000,342.3150622,3.78,100.8202232
2019,11,1164.2,9911,"64,330,956",37413,20413.5,1.832757734,40,39,91814,342.7146186856035,145983,51254000,351.0956755,3.83,102.4534845
2019,12,956.2,10489.8,"81,020,446",30950,19521.7,1.585415205,40,39,71547,350.6086907906691,105214.3,39964000,379.8343001,3.84,103.5429524
2020,1,1076.7,11767.1,"64,592,898",33838,19382.2,1.745828647,40,39,51387,353.8248973475782,91176.8,34889000,382.6521659,3.84,103.8447939
2020,2,1085.3,9282,"84,163,926",30515,17286.3,1.765270764,25,39,80911,349.4827650134098,125558.1,45667000,363.7120982,3.82,102.8515643
2020,3,902.1,12209,"90,628,814",32532,19137.2,1.699935205,25,35,98601,350.69624040324135,131445.4,52747000,401.2844877,3.76,101.524563
2020,4,1066.9,14488,"98,523,608",38966,23828.9,1.635241241,25,35,115431,345.037295,155414.5,62638000,403.0383265,3.61,95.75367239
2020,5,1015.7,17320.2,"111,333,382",54491,31215,1.745667147,25,35,116270,346.0909950976176,162023.6,64002000,395.0165285,3.56,94.42547441
2020,6,1063.7,18057.9,"136,685,973",52147,33591.9,1.552368279,25,35,95788,341.2431619827118,145263.8,57402000,395.1569489,3.58,98.33259153
2020,7,1070.6,16430.2,"149,735,114",46619,29601.8,1.574870447,25,35,102276,339.06292776408935,159657.6,60612000,379.6374241,3.61,101.7873638
2020,8,924.1,21580.2,"133,522,069",54665,34329.9,1.5923437,25,35,112334,341.15227802802355,197141.6,75133000,381.1118506,3.71,102.1004454
2020,9,978.5,18721.3,"125,935,012",45466,29613.5,1.535313286,25,35,88998,340.74923031978244,153246.5,56208000,366.7816231,3.84,102.3182397
2020,10,901.3,25532.9,"158,755,760",55080,37842.4,1.455510221,25,35,108289,330.01505231371607,171622.4,62759000,365.6807037,3.95,104.47993460000001
2020,11,928.1,19989.3,"181,941,035",45697,30555.5,1.495540901,25,35,85156,345.1900042275353,147383.1,56338000,382.2554961,4.02,105.3818861
2020,12,900.7,25228.5,"128,246,526",48508,35500.8,1.366391743,25,35,108495,345.8776902,179167.3,65460000,365.356848,4.23,109.1856849
2021,1,893.1,22086.3,"148,940,237",40378,30150.1,1.339232706,20,35,69076,342.9845387688922,127680.7,47275000,370.2595615,4.23,111.1176414
2021,2,904.6,24833.7,"115,085,936",47736,36084.2,1.32290587,20,35,97675,342.3393908369593,153317.6,60560000,394.9970519,4.28,112.8722963
2021,3,967.3,25528.8,"177,423,195",62315,42686.9,1.459815541,20,35,137930,343.6815776118321,197397.8,77945000,394.8625567,4.29,117.2691525
2021,4,990.2,24955,"149,850,141",61588,41616.6,1.479890236,20,35,109091,355.44637046135796,168238.7,74151000,440.7487695,4.26,118.9967156
2021,5,1111.1,24406.1,"158,625,676",71540,43698.4,1.637130879,20,35,127829,347.8084002847554,192809.7,82024000,425.4142815,4.23,121.1805115
2021,6,1060.5,25166.8,"136,685,318",68811,42745.7,1.609775954,20,15,135942,359.28557767283104,206895,90510000,437.468281,4.27,120.0881559
2021,7,1188,22619.8,"202,558,092",70701,40290.3,1.754789614,15,15,130478,370.8211345974034,219520.5,94101000,428.6661155,4.31,117.2187714
2021,8,1119.9,23338.7,"181,430,955",67472,39714.1,1.698943196,15,15,190824,364.5820232255901,297225.8,120115000,404.1203691,4.37,117.1373944
2021,9,1121.1,19967.6,"174,783,657",66488,37169.9,1.788759184,15,15,151631,376.2555150332056,246424.5,114209000,463.4644688,4.34,119.1840494
2021,10,1106.7,18242.3,"165,335,575",51464,30982.8,1.661050647,15,15,161544,399.0306046649829,259755.4,112154000,431.7677323,4.31,122.6777739
2021,11,1100.8,16067.1,"147,346,545",49001,29845.5,1.64182205,15,15,130680,405.2265074992348,220023.9,97691000,444.0017653,4.3,127.3109945
2021,12,1037.5,12294.2,"106,909,625",43232,23629,1.82961615,15,15,115411,403.33243798251465,209634.7,95502000,455.5638928,4.3,130.4386484
2022,1,956.8,14246.6,"104,874,656",46068,27232.3,1.691667615,15,9,115496,399.9186118999792,205404.9,87884000,427.8573685,4.26,134.410911
2022,2,928,19048.2,"88,968,366",57166,34763.4,1.644430637,15,9,122037,419.3482304546982,165697.7,84521000,510.0915704,4.26,145.0412282
2022,3,881.6,25322.5,"100,488,163",56239,39341.3,1.429515547,15,9,119424,429.8633441,148991,90687000,608.6743495,4.2,149.6932675
2022,4,976.6,22492.2,"151,447,650",65197,40196.3,1.621965206,15,9,113244,432.49090459538695,143007.9,85597000,598.547353,4.18,150.8911268
2022,5,1070.5,25753.8,"167,016,708",70991,43164.5,1.644661701,15,9,122338,413.7226372835914,160692.6,98889000,615.3923703,4.16,149.8064183
2022,6,1034.2,26974.6,"187,315,981",76235,44506,1.712915113,10,9,101097,413.7016924,142615.9,88881000,623.2194307,4.13,158.1643719
2022,7,1067.2,26252.1,"211,019,246",76166,43820.4,1.738140227,10,9,181631,339.5070224796428,237970.1,130259000,547.3754896,4.12,155.5116011
2022,8,1031.3,32375.8,"214,678,813",79890,49992.5,1.598039706,10,9,237589,313.1331837753431,291781.7,158059000,541.7029238,4.12,153.0328471
2022,9,1011.9,29314,"219,254,351",68705,45474.2,1.510856706,10,9,168153,506.91334677347413,221696.1,144291000,650.8504209,4.13,152.7720518
2022,10,1051,23634.9,"193,400,229",65136,37566.6,1.733880628,10,9,148706,515.8904146436593,197260.9,133114000,674.8118862,4.14,149.1986245
2022,11,1258,28659.7,"180,672,457",74352,43102.6,1.725000348,10,15,131167,511.17277973880624,191662.9,125036000,652.3745597,4.14,147.2671872
2022,12,915.4,25445.2,"175,156,056",66674,42418.2,1.571825301,10,15,99883,522.2009751409149,172150.7,125821000,730.8770746,4.14,148.5482631
2023,1,1135.2,18828.7,"225,322,676",52336,32111.4,1.629826168,20,15,77564,527.8737558661235,139059.6,97868000,703.7845643,4.11,144.6674926
2023,2,999.7,18745.7,"135,973,996",58702,36703.3,1.599365725,20,15,85645,526.8258509,132298.8,102170000,772.2670198,4.05,138.5864677
2023,3,860.5,24993.7,"165,374,028",75825,42249.8,1.794683052,20,15,72712,513.3678072395203,135512,105224000,776.4921188,3.99,135.2564886
2023,4,1047.5,17672.9,"162,307,266",54710,35063.8,1.560298656,25,15,47499,482.0943598812607,86348.7,72266000,836.9089517,3.93,129.2136212
2023,5,1047.8,16946.8,"173,086,088",52116,36841.6,1.414596543,25,15,50185,467.7692538,99738.9,77144000,773.4595028,3.88,121.7169799
2023,6,984.6,16071.3,"118,776,963",47955,32757,1.463961901,25,25,61273,463.58102263639773,89039.9,66624000,748.2488188,3.82,119.9375656
2023,7,1045.6,14268.5,"128,114,131",37656,28019,1.34394518,25,25,44316,434.3126635977976,85107.9,69932000,821.6863534,3.76,119.1039395
2023,8,836.7,19244.9,"93,702,380",41878,34896,1.200080238,25,25,64879,410.8879606652384,121929.7,74655000,612.2790428,3.76,114.3285723
2023,9,1004,17857.9,"129,691,804",54493,40947.7,1.330795136,25,25,84263,402.8339840736741,152206,82480000,541.8971657,3.73,111.9752128
2023,10,894.6,17666.4,"132,571,196",45072,34733.4,1.297655859,25,25,86725,401.3836840588066,161798,81478000,503.5785362,3.73,114.6573445
2023,11,794.7,22176.1,"118,283,425",49188,38480.8,1.278247853,25,25,100981,371.8917420108733,172827,84036000,486.2434689,3.71,116.5387829
2023,12,871.7,16088.9,"126,982,403",37318,30138.3,1.238225116,25,25,110610,358.1502576620559,171846.6,91491000,532.3992444,3.71,118.7658374
2024,1,1080.1,14793.5,"110,843,396",40308,28131.1,1.432862561,25,25,98466,369.68090508398836,153766.1,75184000,488.9504254,3.65,118.687746
2024,2,1064.3,16669.8,"82,398,311",46245,28611.3,1.616319426,25,25,84523,358.8017463,119803.5,63588000,530.7691345,3.63,120.6964887
2024,3,1056.2,15896.2,"134,967,092",47247,30853.2,1.53134845,25,25,109770,369.95536120980233,152299.4,81258000,533.5411696,3.55,124.039206
2024,4,969.8,18611.4,"142,142,236",43334,31023.1,1.396830104,25,25,93006,349.92366083908564,158879.6,99787000,628.0667877,3.47,123.7659738
2024,5,880,20792.9,"155,924,298",47293,34399.2,1.374828484,25,25,79952,324.9199519711827,153297.6,78020000,508.9446932,3.39,126.2774491
2024,6,992.8,18666.7,"171,993,082",44560,32349.3,1.377464118,35,25,55283,353.9786191053308,133316.2,76982000,577.4392009,3.3,127.8582602
2024,7,847.3,19128.4,"139,477,916",47460,31687.6,1.497746753,35,25,81781,379.8437289835047,170221,101799000,598.0401948,3.24,127.8691476
2024,8,1305,17183.7,"150,186,769",53700,30562.2,1.757072462,35,25,55212,324.9655871911903,124899.1,76502000,612.5104184,3.21,131.2958465
2024,9,1010,20276.5,"153,440,026",54548,35124,1.553012185,35,25,59973,325.4631250729495,111559.3,71353000,639.5970573,3.15,136.5191509
2024,10,1142.1,17686.2,"118,334,031",57170,34433.4,1.660306563,35,25,62100,317.98711755233495,114070,63787000,559.1917244,3.13,139.005185
2024,11,1072.9,16692.8,"181,073,924",48832,31674.1,1.541701264,35,25,78341,326.4446458431728,125862.1,65237000,518.3212421,3.12,139.9886463
2024,12,960.6,20015.8,"149,260,504",52906,36760.8,1.4391961,35,25,79365,332.13633213633216,131218.7,69037000,526.121658,3.11,141.9091862
2025,1,1108.5,22555.8,"141,366,763",55546,35546.6,1.562624836,35,25,75728,334.55260933868584,131749.3,63980000,485.6192784,3.12,143.0598507
2025,2,1020.1,20749.3,"138,366,143",47829,32446,1.47411083,35,25,73870,315.3512928116962,108604,68622000,631.8551803,3.11,147.6870108
2025,3,1065.2,21861.6,"187,724,926",59532,36968.8,1.610330874,45,35,82982,323.2869778988214,120655.8,68599000,568.551201,3.08,148.7367805
2025,4,1080.6,11386.1,"182,187,245",36520,22766.1,1.604139488,84,84,50397,351.09232692422165,75524.4,67857000,898.4778429,3.07,151.7225811
2025,5,845.9,6265,"134,268,629",14868,11164.9,1.331673369,125,125,24190,362.87722199255893,34599.2,31134000,899.8473953,3.07,153.6210066
2025,6,854.1,24667.5,"58,173,342",59281,42909.6,1.381532338,35,25,76585,354.54723509825686,104458.1,84161000,805.6914686,3.04,155.5017973
2025,7,895.4,18275.6,"157,210,636",,32016.3,1.3988,35,25,54592,361.3,,,,3.04,
2025,8,1060.6,17269,"174,334,396",,28748.2,1.4977,35,25,66519,352.8,,,,3.02,
2025,9,855.9,19804.3,"141,814,864",,32026.7,1.2697,35,25,55625,386.1,,,,3.03,
2025,10,1125.7,18136.2,"165,883,921",,29281.1,1.4894,45,35,53801,392.3,,,,3.04,
2025,11,914.2,21796.5,"147,588,936",,39911.3,1.2488,25,13,60766,388.5,,,,3.03,
,,,, ,,,,,,,,,,,,