date,source_region,import_value_usd,net_weight_kg
1/1/10,EU-27,24854402,12003974
1/1/10,New Zealand,107644054,39529438
2/1/10,EU-27,19625977,9672590
2/1/10,New Zealand,92755209,30260970
3/1/10,EU-27,20475926,8894573
3/1/10,New Zealand,131662366,39559357
4/1/10,EU-27,14091731,6540916
4/1/10,New Zealand,114378098,33861164
5/1/10,EU-27,16055953,7018835
5/1/10,New Zealand,108334040,31873141
6/1/10,EU-27,20676620,9574439
6/1/10,New Zealand,142796818,41516248
7/1/10,EU-27,28102484,12505445
7/1/10,New Zealand,113581906,31443317
8/1/10,EU-27,31779728,13723866
8/1/10,New Zealand,77067474,18980643
9/1/10,EU-27,36441213,17495503
9/1/10,New Zealand,60915654,15611604
10/1/10,EU-27,27698238,12389105
10/1/10,New Zealand,84797580,21991116
11/1/10,EU-27,26813322,12491882
11/1/10,New Zealand,126703229,35556960
12/1/10,EU-27,33913741,14871953
12/1/10,New Zealand,137029016,40538273
1/1/11,EU-27,34753582,16284663
1/1/11,New Zealand,189208357,53754816
2/1/11,EU-27,21793981,10791626
2/1/11,New Zealand,162023281,45152872
3/1/11,EU-27,32472951,13956607
3/1/11,New Zealand,207636233,57111644
4/1/11,EU-27,28331398,12870800
4/1/11,New Zealand,243308393,65481530
5/1/11,EU-27,33437782,13545909
5/1/11,New Zealand,153863631,38851124
6/1/11,EU-27,24649172,11708240
6/1/11,New Zealand,120490901,29213462
7/1/11,EU-27,36363762,15110736
7/1/11,New Zealand,107099737,26829165
8/1/11,EU-27,42801712,16887946
8/1/11,New Zealand,81734699,19055366
9/1/11,EU-27,45983358,17781653
9/1/11,New Zealand,64189982,15416439
10/1/11,EU-27,40936107,17917212
10/1/11,New Zealand,65918015,16266766
11/1/11,EU-27,54322400,23362771
11/1/11,New Zealand,118592409,31476192
12/1/11,EU-27,59209632,27893359
12/1/11,New Zealand,128087413,35658903
1/1/12,EU-27,41592704,18822939
1/1/12,New Zealand,214287719,59299963
2/1/12,EU-27,55698266,22750668
2/1/12,New Zealand,257113971,71302002
3/1/12,EU-27,65351194,26963266
3/1/12,New Zealand,253185317,68684633
4/1/12,EU-27,47675686,19447822
4/1/12,New Zealand,152617661,41698821
5/1/12,EU-27,61371234,24126247
5/1/12,New Zealand,157316317,42729561
6/1/12,EU-27,44292397,17917462
6/1/12,New Zealand,128869904,35800336
7/1/12,EU-27,52176072,20695422
7/1/12,New Zealand,152159441,44385870
8/1/12,EU-27,47703310,20033562
8/1/12,New Zealand,191278758,59716588
9/1/12,EU-27,46059069,19003403
9/1/12,New Zealand,97195585,31127888
1/1/16,EU-27,74766499,65090783.19
1/1/16,New Zealand,408889265,153523976.2
2/1/16,EU-27,41961185,36592674.4
2/1/16,New Zealand,170196315,65421102.49
3/1/16,EU-27,78994927,74422239.35
3/1/16,New Zealand,183275600,76826412.16
4/1/16,EU-27,81426392,77653879.14
4/1/16,New Zealand,123000089,51557777.63
5/1/16,EU-27,85761635,84931508.42
5/1/16,New Zealand,120735256,52423598.1
6/1/16,EU-27,75193352,69627292.88
6/1/16,New Zealand,119323638,50932574.791999996
7/1/16,EU-27,70889472,67677749.41
7/1/16,New Zealand,126826157,50348620.99
8/1/16,EU-27,82442269,74888584.18
8/1/16,New Zealand,112168673,48442028.95
9/1/16,EU-27,67450908,61445525.32
9/1/16,New Zealand,76155104,36440222.37
10/1/16,EU-27,60933581,56071365.52
10/1/16,New Zealand,90008467,41048428.35
11/1/16,EU-27,75158852,69897704.24
11/1/16,New Zealand,159115329,66791326.26
12/1/16,EU-27,65360277,55480869.33
12/1/16,New Zealand,151596892,67137938.21
1/1/17,EU-27,65731235,46704020.21
1/1/17,New Zealand,437987257,141133982
2/1/17,EU-27,71439395,50770424.72
2/1/17,New Zealand,257347296,94013414.52
3/1/17,EU-27,86649694,62361961.668000005
3/1/17,New Zealand,190861841,72637221.92
4/1/17,EU-27,82560969,60329934.319000006
4/1/17,New Zealand,191208767,70616529.52
5/1/17,EU-27,108408963,76516281.52
5/1/17,New Zealand,190402976,71746460.08
6/1/17,EU-27,109231945,77047533.87
6/1/17,New Zealand,257793748,93991537.55
7/1/17,EU-27,112073361,82365892.68
7/1/17,New Zealand,232966394,82785727.73
8/1/17,EU-27,130284501,97603866.17
8/1/17,New Zealand,279564806,95075207.33399999
9/1/17,EU-27,122903859,97920341.42
9/1/17,New Zealand,138445975,57641009.13
10/1/17,EU-27,93183693,78771085.38
10/1/17,New Zealand,156026435,62429345.16
11/1/17,EU-27,112176970,96348045.23
11/1/17,New Zealand,208051955,80455442.34300001
12/1/17,EU-27,89640836,77002496.87
12/1/17,New Zealand,174091465,69758717.68
1/1/18,EU-27,109680611,68641289
1/1/18,New Zealand,692213641,216966200
2/1/18,EU-27,53039307,31259581
2/1/18,New Zealand,248348356,85575827
3/1/18,EU-27,91233549,55361934
3/1/18,New Zealand,183676785,61733676
4/1/18,EU-27,89110001,48531476
4/1/18,New Zealand,202937616,63896163
5/1/18,EU-27,104293391,58575692
5/1/18,New Zealand,255931341,77191014
6/1/18,EU-27,111278444,60940139
6/1/18,New Zealand,183255548,54180272
7/1/18,EU-27,118823776,60625800
7/1/18,New Zealand,253965033,74922488
8/1/18,EU-27,125010479,63556061.91
8/1/18,New Zealand,303857767,88544596
9/1/18,EU-27,117628326,62799985.364999995
9/1/18,New Zealand,114703553,40498897
10/1/18,EU-27,107902490,57070257.5
10/1/18,New Zealand,152252796,56666372
11/1/18,EU-27,132444651,76907664.18
11/1/18,New Zealand,226887339,82754824
12/1/18,EU-27,106979002,64375554.31
12/1/18,New Zealand,210102148,79621724
1/1/19,EU-27,112887010,65156782.76
1/1/19,New Zealand,781040536,273275082
2/1/19,EU-27,77684200,46292675.43
2/1/19,New Zealand,234332909,88262839
3/1/19,EU-27,119041123,69688148
3/1/19,New Zealand,212381283,84127491
4/1/19,EU-27,111604117,73130165
4/1/19,New Zealand,267223789,97874996
5/1/19,EU-27,130180261,74126702.32
5/1/19,New Zealand,232712650,81329483
6/1/19,EU-27,124735804,71481128.06
6/1/19,New Zealand,228246729,73459383
7/1/19,EU-27,152023560,87474652
7/1/19,New Zealand,216539973,72883013
8/1/19,EU-27,153104437,82365365.99
8/1/19,New Zealand,250438175,77437989
9/1/19,EU-27,140036049,83195590.58
9/1/19,New Zealand,153918675,58320857
10/1/19,EU-27,125300949,77246654.28
10/1/19,New Zealand,174543610,60240678
11/1/19,EU-27,130277904,77246640
11/1/19,New Zealand,343130339,110703248
12/1/19,EU-27,127003027,73971052.18
12/1/19,New Zealand,300116092,103019704
1/1/20,EU-27,91442810,57249246
1/1/20,New Zealand,730659498,225979378
2/1/20,EU-27,92956177,58856012
2/1/20,New Zealand,411278453,129921602
3/1/20,EU-27,130543845,82692264
3/1/20,New Zealand,275774284,86516795
4/1/20,EU-27,116759919,72563867
4/1/20,New Zealand,330033576,103276512
5/1/20,EU-27,121287070,75153413.78
5/1/20,New Zealand,245021253,79385595
6/1/20,EU-27,153860121,91203991.87
6/1/20,New Zealand,248445103,77298071
7/1/20,EU-27,197268446,106271870.6
7/1/20,New Zealand,256388810,84492573
8/1/20,EU-27,177725575,103885578
8/1/20,New Zealand,187177467,66895118
9/1/20,EU-27,196236762,111457426
9/1/20,New Zealand,146154163,55878054
10/1/20,EU-27,173250501,105879372.95899999
10/1/20,New Zealand,190908634,68976880
11/1/20,EU-27,154843368,98050828
11/1/20,New Zealand,270862138,94655170
12/1/20,EU-27,170798526,96729593
12/1/20,New Zealand,268559321,106081014.6
1/1/21,EU-27,182308725,108233079.1
1/1/21,New Zealand,900246831,297928088
2/1/21,EU-27,137135351,81602529.26
2/1/21,New Zealand,291604481,100779664
3/1/21,EU-27,194067324,111089101.8
3/1/21,New Zealand,468204264,153280373
4/1/21,EU-27,178340949,100702036
4/1/21,New Zealand,370583576,114524124
5/1/21,EU-27,242848960,137648728.9
5/1/21,New Zealand,444203859,137844669
6/1/21,EU-27,203095859,107597030
6/1/21,New Zealand,394041497,109520794
7/1/21,EU-27,223409000,113902675
7/1/21,New Zealand,424360664,113222175
8/1/21,EU-27,245436142,128659707.6
8/1/21,New Zealand,405858463,110313340
9/1/21,EU-27,196256790,101493526
9/1/21,New Zealand,210071632,60556661
10/1/21,EU-27,186231203,93865097
10/1/21,New Zealand,207590424,63167327
11/1/21,EU-27,186445427,95524367
11/1/21,New Zealand,405768662,112467160.4
12/1/21,EU-27,176950452,97362755
12/1/21,New Zealand,285566881,83895100
1/1/22,EU-27,147076298,86419461
1/1/22,New Zealand,1179308160,310932574.9
2/1/22,EU-27,118115083,65340986
2/1/22,New Zealand,475488663,123002627
3/1/22,EU-27,167269675,79423413
3/1/22,New Zealand,433487351,107262219
4/1/22,EU-27,154749915,68435350
4/1/22,New Zealand,416883602,101127342
5/1/22,EU-27,170951300,78983981
5/1/22,New Zealand,400582494,98238872
6/1/22,EU-27,179755048,78119489
6/1/22,New Zealand,288062460,71586645
7/1/22,EU-27,169918145,71771992
7/1/22,New Zealand,352964112,80461139
8/1/22,EU-27,191691087,78687298
8/1/22,New Zealand,281270941,65861093
9/1/22,EU-27,174249945,77217164
9/1/22,New Zealand,274615936,68515300
10/1/22,EU-27,147495712,59861922.63
10/1/22,New Zealand,311668242,77909841
11/1/22,EU-27,171078201,78752799
11/1/22,New Zealand,314688456,83962320
12/1/22,EU-27,164729986,68557602.78
12/1/22,New Zealand,365169855,92047082
1/1/23,EU-27,146928013,59412378
1/1/23,New Zealand,438637638,114095185
2/1/23,EU-27,135110654,54836153
2/1/23,New Zealand,409612137,106246344
3/1/23,EU-27,153762030,60109296
3/1/23,New Zealand,425934253,107549581
4/1/23,EU-27,153154094,63943976
4/1/23,New Zealand,329011895,92792941
5/1/23,EU-27,181630926,74147739
5/1/23,New Zealand,362222546,101370179
6/1/23,EU-27,199642674,81671243.79699999
6/1/23,New Zealand,380884990,107179006
7/1/23,EU-27,177929912,75817436
7/1/23,New Zealand,345942863,97125979
8/1/23,EU-27,161984329,71469731
8/1/23,New Zealand,293475589,78171915
9/1/23,EU-27,143919214,63842373
9/1/23,New Zealand,246720025,67674808
10/1/23,EU-27,127153773,59780616
10/1/23,New Zealand,220169109,69770982
11/1/23,EU-27,122502147,60685506
11/1/23,New Zealand,250788635,73975605
12/1/23,EU-27,122561485,60367607
12/1/23,New Zealand,269614020,81789266
1/1/24,EU-27,102670319,42951747
1/1/24,New Zealand,411036447,125937153
2/1/24,EU-27,79735061,40292454
2/1/24,New Zealand,342411566,106698037
3/1/24,EU-27,126538359,49193049
3/1/24,New Zealand,325877491,94401018
4/1/24,EU-27,139015189,51354421
4/1/24,New Zealand,343044892,99785024
5/1/24,EU-27,125654070,47332000
5/1/24,New Zealand,323847179,91844810
6/1/24,EU-27,129041935,49842976
6/1/24,New Zealand,341085042,90624624
7/1/24,EU-27,151121529,59736945
7/1/24,New Zealand,325950840,89492641
8/1/24,EU-27,174135099,77634491
8/1/24,New Zealand,221004157,61406008
9/1/24,EU-27,147619311,60933819.75
9/1/24,New Zealand,214226210,57119458
10/1/24,EU-27,139896614,58056195.56
10/1/24,New Zealand,203503473,59377820
11/1/24,EU-27,136635818,57100490
11/1/24,New Zealand,339466089,90449650
12/1/24,EU-27,136528051,59070274.401999995
12/1/24,New Zealand,468654180,121176680
NA,NA,0,0