"Data generated on Thursday, April 23, 2026 at 10:34:02 AM EST"
Area/Partners of Destination,,,,,January 2005 - December 2026
And Commodities Exported,,,,,Cumulative To Date Quantities/Unit Values in Dollars
,,,,,,,January,January,February,February,March,March,April,April,May,May,June,June,July,July,August,August,September,September,October,October,November,November,December,December,Total,Total,,
,Partner,,HS Code,Product,Year,UOM,Unit Value,Qty,Unit Value,Qty,Unit Value,Qty,Unit Value,Qty,Unit Value,Qty,Unit Value,Qty,Unit Value,Qty,Unit Value,Qty,Unit Value,Qty,Unit Value,Qty,Unit Value,Qty,Unit Value,Qty,Unit Value,Qty,Period/Period %  Change (Unit Value),Reporter Code,Partner Code,Product Code,
"1","China","1","0406","Cheese And Curd","2005-2005","MT","","0.0","","0.0","5,438.1","11.4","","0.0","7,444.2","4.1","6,267.0","1.0","3,398.0","4.1","5,656.7","24.4","1,577.5","7.4","3,619.3","52.6","5,445.6","69.3","4,364.5","83.1","4,634.0","257.5","","US","CH","0406",
"1","China","1","0406","Cheese And Curd","2006-2006","MT","5,576.7","10.9","2,117.4","111.2","1,871.1","228.3","1,666.7","130.8","2,560.0","62.4","2,626.4","126.9","2,425.4","111.7","2,294.9","153.4","2,486.3","111.3","1,792.3","88.2","4,418.0","37.2","4,241.3","41.1","2,332.9","1,213.2","","US","CH","0406",
"1","China","1","0406","Cheese And Curd","2007-2007","MT","3,591.4","73.9","3,740.2","78.4","4,164.3","75.3","4,127.6","71.3","4,284.8","63.2","4,585.4","120.7","4,322.3","180.6","5,184.0","162.5","5,179.4","115.2","4,642.5","70.2","5,015.6","94.4","5,240.5","99.7","4,589.6","1,205.3","","US","CH","0406",
"1","China","1","0406","Cheese And Curd","2008-2008","MT","5,254.8","51.9","5,391.2","117.4","4,968.6","210.1","5,008.1","243.5","4,981.9","289.0","5,133.9","134.0","5,215.0","165.7","5,011.0","197.0","5,196.0","241.6","5,368.4","84.5","4,832.7","175.4","4,023.9","118.4","5,019.0","2,028.6","","US","CH","0406",
"1","China","1","0406","Cheese And Curd","2009-2009","MT","5,510.0","39.3","3,640.1","87.3","3,575.0","129.2","3,976.5","193.5","3,635.8","250.2","3,686.0","174.6","3,844.1","131.8","3,321.0","183.6","3,557.6","206.1","3,851.4","76.0","3,985.3","194.0","4,210.2","270.1","3,808.2","1,935.7","","US","CH","0406",
"1","China","1","0406","Cheese And Curd","2010-2010","MT","4,239.9","207.2","3,985.2","319.8","4,141.1","233.5","3,645.7","317.5","4,152.9","338.4","4,061.2","241.3","4,106.6","136.0","4,058.0","247.6","4,115.0","208.4","4,760.9","157.7","4,366.7","129.4","4,576.1","329.4","4,154.2","2,866.3","","US","CH","0406",
"1","China","1","0406","Cheese And Curd","2011-2011","MT","3,685.4","518.9","3,959.8","924.4","4,431.3","353.0","4,258.3","714.5","4,086.9","716.1","4,140.8","513.4","4,464.0","490.5","5,113.2","381.8","5,188.0","338.2","4,802.2","492.9","4,478.9","663.3","4,546.8","570.6","4,352.0","6,677.5","","US","CH","0406",
"1","China","1","0406","Cheese And Curd","2012-2012","MT","4,059.3","690.7","4,299.1","550.1","4,046.0","794.9","4,231.1","691.7","4,058.6","1,024.9","4,047.7","904.6","4,026.3","909.4","3,944.3","947.6","4,279.9","584.9","4,291.2","698.0","4,438.6","619.3","4,578.8","382.1","4,151.9","8,798.0","","US","CH","0406",
"1","China","1","0406","Cheese And Curd","2013-2013","MT","4,179.5","414.6","3,783.0","937.0","3,920.6","779.3","4,081.5","951.9","4,111.5","787.9","4,676.2","505.4","4,490.3","903.5","4,017.7","1,158.7","4,049.8","1,360.5","4,222.7","1,149.8","4,198.6","1,158.8","4,049.9","1,235.8","4,123.0","11,343.3","","US","CH","0406",
"1","China","1","0406","Cheese And Curd","2014-2014","MT","4,439.9","830.4","4,554.5","1,001.7","4,404.0","1,508.1","4,539.1","1,340.5","4,802.1","917.8","4,478.0","1,443.9","4,565.4","1,015.6","4,483.7","1,040.1","4,512.5","682.5","5,085.4","734.0","5,164.2","780.7","5,246.1","618.3","4,636.4","11,913.7","","US","CH","0406",
"1","China","1","0406","Cheese And Curd","2015-2015","MT","4,705.5","567.9","4,198.4","1,468.0","4,221.1","1,417.9","4,248.8","1,125.1","4,160.3","1,014.3","4,589.7","1,262.4","4,342.2","1,021.2","4,441.7","935.6","4,449.3","695.4","4,440.0","1,001.5","4,283.3","1,228.3","4,521.1","555.1","4,353.5","12,292.7","","US","CH","0406",
"1","China","1","0406","Cheese And Curd","2016-2016","MT","4,123.8","470.8","4,470.7","720.9","4,509.6","723.9","4,671.5","735.8","4,141.4","838.0","4,085.1","941.7","3,990.2","1,008.4","4,266.9","876.0","4,485.6","774.7","4,786.3","1,116.9","4,383.3","652.0","4,527.7","900.2","4,375.3","9,759.3","","US","CH","0406",
"1","China","1","0406","Cheese And Curd","2017-2017","MT","4,342.7","844.0","4,655.8","867.7","4,517.0","1,050.9","4,703.2","877.3","4,194.9","1,270.7","4,157.8","1,274.9","4,229.5","1,106.3","4,330.3","1,187.2","4,342.3","1,221.5","4,322.4","1,921.2","4,431.9","1,099.6","4,772.5","1,326.6","4,402.2","14,047.8","","US","CH","0406",
"1","China","1","0406","Cheese And Curd","2018-2018","MT","4,664.7","843.6","4,106.4","1,741.9","4,152.0","1,612.2","4,336.2","1,719.3","4,376.0","1,211.5","4,696.5","1,126.9","4,390.0","434.1","4,617.3","682.9","4,923.2","431.0","5,169.8","678.2","4,944.1","742.4","4,501.5","1,124.6","4,474.3","12,348.5","","US","CH","0406",
"1","China","1","0406","Cheese And Curd","2019-2019","MT","4,090.6","598.1","4,250.9","744.4","4,204.6","978.1","4,489.9","710.3","4,634.4","468.8","4,728.0","679.7","4,513.0","528.1","5,603.1","375.5","4,542.5","469.5","5,342.1","913.7","5,018.5","623.3","5,081.1","680.6","4,682.9","7,770.1","","US","CH","0406",
"1","China","1","0406","Cheese And Curd","2020-2020","MT","4,822.7","552.4","5,960.0","550.5","5,631.8","365.7","5,164.1","610.1","4,475.5","1,097.7","3,829.1","1,666.9","4,755.6","517.8","5,819.0","282.5","5,883.5","382.2","4,731.1","695.8","6,336.3","369.1","6,238.2","563.2","4,958.2","7,653.9","","US","CH","0406",
"1","China","1","0406","Cheese And Curd","2021-2021","MT","4,919.2","581.6","5,277.7","785.3","5,098.0","876.7","5,564.1","561.7","5,387.0","647.7","4,766.2","672.0","4,272.5","764.6","4,198.2","932.9","5,436.2","777.4","4,925.4","853.7","4,871.1","768.3","5,008.1","907.1","4,950.4","9,129.0","","US","CH","0406",
"1","China","1","0406","Cheese And Curd","2022-2022","MT","5,501.6","553.6","5,160.4","426.9","5,151.3","591.6","5,857.6","345.9","6,958.4","269.1","5,580.7","294.7","7,258.3","224.0","5,582.8","355.3","5,697.5","497.0","5,626.3","599.7","5,152.6","345.3","5,446.5","366.3","5,632.9","4,869.3","","US","CH","0406",
"1","China","1","0406","Cheese And Curd","2023-2023","MT","6,132.4","211.9","5,833.6","1,051.4","5,840.0","1,100.7","5,794.2","1,296.9","5,569.7","553.4","4,797.7","1,571.7","4,488.7","802.6","5,674.0","521.2","4,518.9","1,929.2","5,144.0","1,469.6","5,494.7","1,635.5","5,855.6","1,213.6","5,310.0","13,357.8","","US","CH","0406",
"1","China","1","0406","Cheese And Curd","2024-2024","MT","4,747.6","339.8","5,100.3","1,449.1","4,984.6","653.4","5,555.4","762.2","4,889.5","1,034.9","5,897.4","496.4","6,363.8","297.7","5,837.7","321.8","6,197.9","283.5","6,472.8","440.7","5,984.1","505.4","6,186.1","601.5","5,511.9","7,186.3","","US","CH","0406",
"1","China","1","0406","Cheese And Curd","2025-2025","MT","5,097.4","706.7","5,730.1","591.7","6,458.7","443.0","6,256.0","354.2","5,864.4","152.7","5,828.2","344.4","5,271.5","318.1","7,235.2","353.7","5,498.0","346.7","5,191.6","466.1","6,418.7","175.8","5,859.8","279.4","5,802.6","4,532.5","","US","CH","0406",
"1","China","1","0406","Cheese And Curd","2026-2026","MT","5,990.9","307.2","","","","","","","","","","","","","","","","","","","","","","","5,990.9","307.2","","US","CH","0406",
"1","China","2","0402","Milk Concentrated","2005-2005","MT","2,135.5","353.0","1,949.6","1,355.9","1,968.5","168.2","1,893.5","447.1","1,849.0","106.1","1,883.9","149.4","2,203.5","209.3","2,036.2","190.0","2,146.0","275.5","","0.0","1,630.3","155.7","","0.0","1,978.1","3,410.1","","US","CH","0402",
"1","China","2","0402","Milk Concentrated","2006-2006","MT","996.0","19.4","2,119.2","800.0","1,999.6","1,000.0","2,006.8","1,620.1","2,027.5","2,185.5","2,046.7","1,357.5","1,970.1","1,841.2","2,008.8","1,726.4","1,855.3","603.0","1,814.7","1,509.3","2,023.6","426.4","2,071.3","11.7","1,985.8","13,100.7","","US","CH","0402",
"1","China","2","0402","Milk Concentrated","2007-2007","MT","2,426.9","120.2","2,185.3","128.8","2,055.0","37.2","2,561.6","21.5","2,042.8","192.0","4,219.4","629.3","4,142.4","210.7","3,960.8","354.7","1,141.9","1,239.3","3,962.8","453.1","4,167.5","1,461.0","4,158.1","1,876.7","3,440.1","6,724.5","","US","CH","0402",
"1","China","2","0402","Milk Concentrated","2008-2008","MT","4,117.9","2,868.0","3,537.7","2,310.3","3,636.5","2,240.6","3,589.0","1,416.0","3,168.4","1,907.4","2,639.0","458.9","3,787.5","1,135.4","2,515.9","786.8","3,260.2","69.1","2,544.0","145.1","4,242.4","50.5","2,924.6","12.9","3,551.5","13,401.0","","US","CH","0402",
"1","China","2","0402","Milk Concentrated","2009-2009","MT","3,253.8","1.1","","0.0","9,024.6","1.1","1,785.7","399.5","1,846.1","1,102.8","1,881.7","642.3","1,886.7","406.2","1,957.0","436.4","1,834.0","379.8","2,116.4","1,599.7","2,302.7","809.2","3,300.4","241.9","2,049.1","6,019.9","","US","CH","0402",
"1","China","2","0402","Milk Concentrated","2010-2010","MT","907.7","43.7","2,393.2","890.0","2,599.4","1,205.4","2,444.0","1,997.2","2,612.7","1,870.3","2,479.5","1,154.0","2,695.0","1,096.8","2,879.9","250.6","2,726.9","1,819.2","2,489.8","1,449.6","2,857.6","949.4","2,730.5","2,792.9","2,610.9","15,519.1","","US","CH","0402",
"1","China","2","0402","Milk Concentrated","2011-2011","MT","2,757.2","1,102.3","2,920.6","671.0","2,765.2","460.0","3,262.8","1,481.5","3,230.6","1,777.8","3,468.7","789.4","3,351.3","1,610.8","3,343.1","1,011.4","3,339.0","2,743.3","3,302.2","1,335.2","3,330.4","1,880.8","3,059.5","390.1","3,238.1","15,253.6","","US","CH","0402",
"1","China","2","0402","Milk Concentrated","2012-2012","MT","3,316.7","1,831.7","3,338.1","760.7","3,375.3","774.1","2,702.5","2,688.5","2,901.0","2,195.2","2,400.6","3,500.4","3,112.5","672.5","2,429.1","1,313.2","2,258.0","775.4","1,302.9","1,149.0","1,405.7","892.0","1,714.5","1,478.5","2,528.1","18,031.3","","US","CH","0402",
"1","China","2","0402","Milk Concentrated","2013-2013","MT","2,165.2","706.5","2,130.2","650.8","2,688.0","1,122.6","2,483.0","4,926.9","3,311.7","6,781.3","3,427.6","8,792.1","3,366.1","7,030.3","3,595.6","10,255.3","3,711.7","9,611.2","3,580.2","7,801.2","3,907.1","5,937.8","3,722.1","6,820.5","3,456.9","70,436.4","","US","CH","0402",
"1","China","2","0402","Milk Concentrated","2014-2014","MT","3,098.0","3,144.3","4,157.1","4,846.4","3,825.7","9,637.5","3,152.8","4,120.8","3,368.5","7,709.5","2,994.8","5,608.3","3,479.7","4,652.8","3,577.3","6,515.1","3,186.1","3,742.0","1,975.5","2,614.7","2,656.1","1,952.2","1,349.4","2,382.0","3,293.8","56,925.5","","US","CH","0402",
"1","China","2","0402","Milk Concentrated","2015-2015","MT","1,598.3","1,934.4","1,863.4","2,964.2","2,234.7","3,881.8","2,370.1","4,056.7","2,445.4","6,275.0","2,716.0","2,338.6","2,378.4","2,135.1","2,797.8","3,091.1","2,599.2","1,082.1","2,388.4","1,503.4","2,539.2","1,887.4","2,853.8","1,432.1","2,382.0","32,582.0","","US","CH","0402",
"1","China","2","0402","Milk Concentrated","2016-2016","MT","2,328.9","1,197.9","2,428.6","1,691.3","2,363.0","1,158.1","2,104.6","1,635.9","2,151.5","2,134.9","1,940.0","1,734.4","2,104.8","2,637.6","2,128.1","1,970.3","2,246.7","910.7","2,409.4","1,224.0","2,445.5","1,730.2","2,584.6","3,021.3","2,271.8","21,046.5","","US","CH","0402",
"1","China","2","0402","Milk Concentrated","2017-2017","MT","1,993.0","2,520.6","2,270.9","3,481.3","2,013.7","5,361.8","1,953.0","4,254.9","1,841.8","4,733.6","2,067.0","3,025.1","2,481.6","2,726.7","2,395.7","4,531.4","2,542.5","3,884.5","2,284.7","4,233.0","2,228.1","2,888.6","2,048.4","2,943.1","2,167.6","44,584.6","","US","CH","0402",
"1","China","2","0402","Milk Concentrated","2018-2018","MT","2,395.6","429.9","2,049.6","3,090.7","2,396.2","5,031.8","2,133.9","6,218.0","2,191.6","6,356.0","2,226.1","4,529.0","1,870.4","1,647.5","2,116.2","2,046.0","2,474.9","627.3","2,488.5","497.0","2,588.0","815.7","2,955.7","532.0","2,218.3","31,820.8","","US","CH","0402",
"1","China","2","0402","Milk Concentrated","2019-2019","MT","2,395.3","498.9","2,410.6","796.6","3,199.9","306.7","3,445.9","350.1","2,562.2","747.1","3,314.7","514.8","3,318.9","672.0","3,157.1","318.1","2,855.6","548.5","2,888.2","631.4","2,517.2","3,637.2","2,719.7","2,153.4","2,734.8","11,174.9","","US","CH","0402",
"1","China","2","0402","Milk Concentrated","2020-2020","MT","3,528.2","308.8","3,898.3","484.9","3,285.7","202.7","2,872.7","1,023.6","2,595.8","3,815.3","1,949.5","4,770.3","2,282.1","2,081.4","2,384.0","6,082.4","2,318.3","3,367.2","2,413.9","4,343.6","2,375.8","3,099.7","2,479.8","1,907.6","2,395.4","31,487.6","","US","CH","0402",
"1","China","2","0402","Milk Concentrated","2021-2021","MT","2,454.2","1,956.6","2,427.8","2,608.1","2,550.3","5,487.1","2,457.1","5,593.3","2,661.7","6,431.7","2,743.8","6,939.4","2,861.1","7,826.3","2,952.4","5,482.8","2,918.9","6,489.1","2,862.4","2,779.2","2,734.5","2,997.6","3,108.8","3,183.5","2,745.2","57,774.8","","US","CH","0402",
"1","China","2","0402","Milk Concentrated","2022-2022","MT","2,909.2","3,774.3","3,326.7","4,729.9","3,339.6","3,862.7","3,647.6","4,798.2","3,864.5","4,227.1","4,058.4","5,234.0","4,166.6","5,805.2","4,131.3","4,221.3","3,914.9","4,067.2","3,704.5","3,569.4","3,810.8","4,186.3","3,464.3","4,618.8","3,718.3","53,094.4","","US","CH","0402",
"1","China","2","0402","Milk Concentrated","2023-2023","MT","3,238.0","2,819.8","3,102.3","2,367.7","2,959.4","2,428.9","2,779.5","2,646.4","2,956.7","2,045.5","2,934.2","1,181.1","2,807.3","1,309.6","2,795.9","1,333.0","2,547.2","2,217.8","2,626.2","1,362.3","3,222.0","963.0","2,988.6","736.5","2,917.4","21,411.8","","US","CH","0402",
"1","China","2","0402","Milk Concentrated","2024-2024","MT","3,192.9","785.4","3,031.9","687.2","2,823.8","1,351.4","2,851.6","852.0","2,635.3","1,505.4","2,869.6","658.0","2,862.6","952.3","2,769.6","814.0","2,845.3","1,142.4","2,764.1","1,144.1","2,713.0","845.6","2,966.7","1,155.9","2,842.6","11,893.8","","US","CH","0402",
"1","China","2","0402","Milk Concentrated","2025-2025","MT","2,702.6","424.9","2,801.3","518.4","2,811.8","585.7","2,929.5","379.1","2,800.0","309.3","2,306.2","596.7","2,837.6","333.5","2,716.9","409.4","2,772.8","250.0","2,846.8","690.8","2,922.0","270.5","2,770.4","395.5","2,750.8","5,163.8","","US","CH","0402",
"1","China","2","0402","Milk Concentrated","2026-2026","MT","2,467.1","370.8","","","","","","","","","","","","","","","","","","","","","","","2,467.1","370.8","","US","CH","0402",
"1","China","3","0404","Whey, Natural Milk","2005-2005","MT","474.2","3,911.4","465.5","6,287.3","533.3","8,764.1","470.9","9,341.6","443.8","6,394.9","432.9","4,004.0","379.6","4,413.4","418.5","5,379.1","414.0","6,086.4","493.0","4,625.4","506.5","4,534.0","436.6","4,508.5","460.3","68,249.9","","US","CH","0404",
"1","China","3","0404","Whey, Natural Milk","2006-2006","MT","555.3","3,694.0","583.9","6,039.4","692.0","8,593.6","680.2","7,818.3","703.0","6,004.5","944.9","4,876.0","706.8","5,117.0","776.7","3,210.6","799.0","5,105.7","852.9","4,002.6","1,323.9","3,476.5","1,205.4","4,563.5","790.0","62,501.7","","US","CH","0404",
"1","China","3","0404","Whey, Natural Milk","2007-2007","MT","1,370.4","3,434.6","1,473.3","4,813.7","1,413.5","7,102.6","1,463.7","4,742.3","1,615.5","6,132.2","1,632.6","3,092.0","1,770.8","1,587.6","1,367.1","3,694.5","1,143.4","3,835.2","1,301.0","7,763.7","1,295.1","6,763.9","1,166.0","7,461.0","1,382.6","60,423.3","","US","CH","0404",
"1","China","3","0404","Whey, Natural Milk","2008-2008","MT","1,304.6","4,372.4","1,507.6","4,967.2","867.1","6,172.0","1,338.4","5,225.3","1,136.8","3,713.5","972.7","5,316.7","1,115.3","7,163.7","1,136.1","7,090.5","998.6","6,784.3","813.3","6,995.2","890.7","8,283.5","916.5","6,576.9","1,057.6","72,661.0","","US","CH","0404",
"1","China","3","0404","Whey, Natural Milk","2009-2009","MT","745.4","4,089.8","608.5","7,174.4","593.9","11,345.0","773.5","6,765.5","809.8","7,933.7","584.5","8,234.1","875.9","5,654.7","829.1","6,872.0","1,033.9","7,113.0","707.0","9,675.0","732.7","8,797.4","903.1","10,030.3","757.5","93,684.7","","US","CH","0404",
"1","China","3","0404","Whey, Natural Milk","2010-2010","MT","909.1","9,939.1","964.9","10,175.9","958.6","10,520.0","918.3","12,599.5","964.6","12,273.2","890.5","7,465.9","1,265.8","5,132.9","757.4","9,715.8","711.3","12,542.9","728.0","12,725.4","751.3","12,135.9","1,015.7","13,798.3","884.9","129,024.9","","US","CH","0404",
"1","China","3","0404","Whey, Natural Milk","2011-2011","MT","956.1","10,466.9","802.7","8,110.3","1,084.1","11,013.3","903.7","10,027.7","1,058.0","12,841.3","1,059.5","11,511.6","1,110.2","12,769.3","1,125.2","15,921.5","1,315.4","11,308.1","1,401.8","14,378.6","1,377.6","19,916.9","1,271.1","13,948.3","1,153.6","152,213.6","","US","CH","0404",
"1","China","3","0404","Whey, Natural Milk","2012-2012","MT","1,328.4","8,671.8","1,290.8","9,069.1","1,200.8","13,197.0","1,275.8","11,454.9","1,107.6","14,609.6","995.2","13,408.2","923.1","14,143.8","1,044.8","14,036.5","1,058.0","17,154.8","1,101.9","14,460.5","1,208.4","12,020.8","1,277.8","12,330.6","1,134.2","154,557.5","","US","CH","0404",
"1","China","3","0404","Whey, Natural Milk","2013-2013","MT","1,291.2","13,446.1","1,103.0","10,043.1","1,065.3","11,958.5","1,160.8","15,654.1","1,122.4","17,569.6","1,180.1","20,104.4","1,374.2","18,899.0","1,365.5","19,481.9","1,377.6","13,760.3","1,474.3","14,688.0","1,611.8","13,429.4","1,680.9","14,045.0","1,317.6","183,079.4","","US","CH","0404",
"1","China","3","0404","Whey, Natural Milk","2014-2014","MT","1,778.3","11,312.6","1,225.1","14,085.0","1,369.0","19,138.3","1,381.1","17,874.4","1,517.8","16,717.1","1,430.2","16,446.3","1,491.3","17,711.7","1,325.5","16,031.7","1,570.3","10,889.5","1,403.4","15,611.3","1,162.4","13,934.3","1,207.6","13,508.6","1,398.8","183,260.8","","US","CH","0404",
"1","China","3","0404","Whey, Natural Milk","2015-2015","MT","1,250.0","9,019.5","1,015.3","8,440.7","914.8","14,304.1","1,037.4","17,635.1","922.4","19,378.2","1,005.5","15,279.5","885.4","15,370.0","1,004.8","10,218.3","868.3","13,198.9","1,008.2","12,532.9","1,254.6","9,522.7","1,265.1","9,549.8","1,013.0","154,449.7","","US","CH","0404",
"1","China","3","0404","Whey, Natural Milk","2016-2016","MT","1,012.2","10,065.6","1,012.1","10,766.6","893.6","10,853.6","775.8","12,738.9","769.5","17,926.7","674.6","21,721.7","728.5","19,438.3","747.2","20,906.1","822.9","16,952.9","772.8","20,504.4","835.4","23,186.3","937.7","22,586.1","815.1","207,647.3","","US","CH","0404",
"1","China","3","0404","Whey, Natural Milk","2017-2017","MT","947.7","18,982.3","1,100.9","20,364.0","1,098.0","20,397.9","1,100.0","19,779.0","1,070.1","21,913.3","1,169.5","19,298.5","1,121.0","18,953.6","986.8","19,825.9","946.4","17,326.7","840.4","20,264.2","911.5","22,196.3","867.5","24,230.0","1,010.4","243,531.6","","US","CH","0404",
"1","China","3","0404","Whey, Natural Milk","2018-2018","MT","885.6","20,258.4","850.1","19,886.0","984.4","22,290.5","914.6","23,509.3","933.0","20,697.5","918.7","17,745.1","1,096.8","13,716.2","843.8","14,109.3","897.4","10,434.9","1,143.7","9,501.6","826.5","13,252.1","1,030.6","11,629.0","934.0","197,029.9","","US","CH","0404",
"1","China","3","0404","Whey, Natural Milk","2019-2019","MT","1,040.3","9,114.4","1,040.8","8,000.0","1,149.0","9,996.2","1,549.8","6,289.8","1,445.8","6,702.5","1,136.8","10,213.8","1,156.8","8,205.2","1,598.4","4,845.4","1,309.3","8,179.7","986.3","6,007.0","1,164.2","9,911.0","956.2","10,489.8","1,182.0","97,954.6","","US","CH","0404",
"1","China","3","0404","Whey, Natural Milk","2020-2020","MT","1,076.7","11,767.1","1,085.3","9,282.0","902.1","12,209.0","1,066.9","14,488.0","1,015.7","17,320.2","1,063.7","18,057.9","1,070.6","16,430.2","924.1","21,580.2","978.5","18,721.3","901.3","25,532.9","928.1","19,989.3","900.7","25,228.5","978.8","210,606.4","","US","CH","0404",
"1","China","3","0404","Whey, Natural Milk","2021-2021","MT","893.1","22,086.3","904.6","24,833.7","967.3","25,528.8","990.2","24,955.0","1,111.1","24,406.1","1,060.5","25,166.8","1,188.0","22,619.8","1,119.9","23,338.7","1,121.1","19,967.6","1,106.7","18,242.3","1,100.8","16,067.1","1,037.5","12,294.2","1,045.9","259,506.5","","US","CH","0404",
"1","China","3","0404","Whey, Natural Milk","2022-2022","MT","956.8","14,246.6","928.0","19,048.2","881.6","25,322.5","976.6","22,492.2","1,070.5","25,753.8","1,034.2","26,974.6","1,067.2","26,252.1","1,031.3","32,375.8","1,011.9","29,314.0","1,051.0","23,634.9","1,258.0","28,659.7","915.4","25,445.2","1,022.7","299,519.6","","US","CH","0404",
"1","China","3","0404","Whey, Natural Milk","2023-2023","MT","1,135.2","18,828.7","999.7","18,745.7","860.5","24,993.7","1,047.5","17,672.9","1,047.8","16,946.8","984.6","16,071.3","1,045.6","14,268.5","836.7","19,244.9","1,004.0","17,857.9","894.6","17,666.4","794.7","22,176.1","871.7","16,088.9","952.6","220,561.6","","US","CH","0404",
"1","China","3","0404","Whey, Natural Milk","2024-2024","MT","1,080.1","14,793.5","1,064.3","16,669.8","1,056.2","15,896.2","969.8","18,611.4","880.0","20,792.9","992.8","18,666.7","847.3","19,128.4","1,305.0","17,183.7","1,010.0","20,276.5","1,142.1","17,686.2","1,072.9","16,692.8","960.6","20,015.8","1,025.1","216,413.9","","US","CH","0404",
"1","China","3","0404","Whey, Natural Milk","2025-2025","MT","1,108.5","22,555.8","1,020.1","20,749.3","1,065.2","21,861.6","1,080.6","11,386.1","845.9","6,265.0","854.1","24,667.5","895.4","18,275.6","1,060.6","17,269.0","855.9","19,804.3","1,125.7","18,136.2","914.2","21,796.5","910.9","21,645.1","979.5","224,412.1","","US","CH","0404",
"1","China","3","0404","Whey, Natural Milk","2026-2026","MT","771.0","19,911.3","","","","","","","","","","","","","","","","","","","","","","","771.0","19,911.3","","US","CH","0404",
"1","China","4","0401","Milk Not Concentrate","2006-2006","LITER","0.7","36,999.0","","0.0","","0.0","","0.0","","0.0","","0.0","","0.0","","0.0","","0.0","","0.0","","0.0","","0.0","0.7","36,999.0","","US","CH","0401",
"1","China","4","0401","Milk Not Concentrate","2007-2007","LITER","","0.0","","0.0","","0.0","0.7","15,534.0","","0.0","","0.0","","0.0","","0.0","","0.0","","0.0","","0.0","","0.0","0.7","15,534.0","","US","CH","0401",
"1","China","4","0401","Milk Not Concentrate","2008-2008","LITER","","0.0","","0.0","","0.0","","0.0","0.8","17,380.0","","0.0","","0.0","","0.0","0.8","25,097.0","0.8","25,097.0","","0.0","1.3","2,385.0","0.8","69,959.0","","US","CH","0401",
"1","China","4","0401","Milk Not Concentrate","2009-2009","LITER","","0.0","","0.0","","0.0","","0.0","1.0","5,969.0","","0.0","","0.0","","0.0","","0.0","0.8","71,597.0","","0.0","0.8","71,855.0","0.8","149,421.0","","US","CH","0401",
"1","China","4","0401","Milk Not Concentrate","2010-2010","LITER","0.8","73,029.0","0.8","81,238.0","","0.0","","0.0","","0.0","1.0","5,116.0","0.8","4,674.0","0.8","4,421.0","","0.0","0.7","6,096.0","1.0","8,176.0","0.9","24,435.0","0.8","207,185.0","","US","CH","0401",
"1","China","4","0401","Milk Not Concentrate","2011-2011","LITER","","0.0","","0.0","0.8","28,695.0","0.8","20,228.0","","0.0","0.9","24,785.0","0.8","42,827.0","0.8","115,733.0","","0.0","0.8","47,372.0","1.1","85,792.0","0.8","65,070.0","0.9","430,502.0","","US","CH","0401",
"1","China","4","0401","Milk Not Concentrate","2012-2012","LITER","1.0","179,462.0","2.2","1,608.0","1.1","209,986.0","0.7","26,718.0","1.0","246,128.0","0.9","83,979.0","0.8","141,773.0","0.8","120,575.0","1.0","94,887.0","0.9","77,572.0","1.1","90,370.0","1.4","135,848.0","1.0","1,408,906.0","","US","CH","0401",
"1","China","4","0401","Milk Not Concentrate","2013-2013","LITER","1.8","72,000.0","1.6","133,496.0","1.4","171,667.0","0.9","189,788.0","1.4","131,918.0","1.3","90,417.0","1.5","113,393.0","1.4","205,227.0","1.4","205,542.0","1.3","31,084.0","0.9","678,953.0","1.2","370,164.0","1.2","2,393,649.0","","US","CH","0401",
"1","China","4","0401","Milk Not Concentrate","2014-2014","LITER","1.1","244,736.0","1.0","292,950.0","0.9","169,010.0","1.3","897,860.0","1.0","267,297.0","1.4","430,748.0","1.0","356,863.0","1.3","590,219.0","1.4","307,213.0","1.2","528,174.0","1.6","184,630.0","1.3","241,319.0","1.2","4,511,019.0","","US","CH","0401",
"1","China","4","0401","Milk Not Concentrate","2015-2015","LITER","1.0","52,516.0","1.5","305,576.0","1.3","89,128.0","1.0","52,545.0","1.1","69,008.0","1.0","202,362.0","","0.0","1.9","191,658.0","2.0","8,100.0","0.7","33,933.0","","0.0","1.8","252,835.0","1.5","1,257,661.0","","US","CH","0401",
"1","China","4","0401","Milk Not Concentrate","2016-2016","LITER","1.0","52,940.0","","0.0","","0.0","","0.0","8.6","800.0","","0.0","0.7","13,739.0","1.1","66,521.0","1.1","38,003.0","0.7","125,363.0","1.6","6,814.0","","0.0","1.0","304,180.0","","US","CH","0401",
"1","China","4","0401","Milk Not Concentrate","2017-2017","LITER","2.2","9,474.0","2.0","32,500.0","","0.0","","0.0","1.6","36,890.0","2.7","8,712.0","2.8","20,204.0","","0.0","","0.0","","0.0","5.9","1,020.0","6.2","2,232.0","2.2","111,032.0","","US","CH","0401",
"1","China","4","0401","Milk Not Concentrate","2018-2018","LITER","4.2","9,356.0","5.1","1,740.0","5.4","4,380.0","1.7","110,184.0","22.0","130.0","2.8","2,461.0","2.0","27,624.0","2.7","3,581.0","","0.0","3.0","2,400.0","1.1","25,200.0","2.4","6,309.0","2.0","193,365.0","","US","CH","0401",
"1","China","4","0401","Milk Not Concentrate","2019-2019","LITER","2.8","6,849.0","2.3","7,770.0","","0.0","","0.0","","0.0","2.0","1,869.0","1.3","7,856.0","1.1","29,685.0","","0.0","1.1","74,536.0","1.4","131,851.0","1.0","101,111.0","1.2","361,527.0","","US","CH","0401",
"1","China","4","0401","Milk Not Concentrate","2020-2020","LITER","1.2","34,488.0","","0.0","5.6","21,198.0","","0.0","2.1","83,071.0","12.0","272.0","10.9","275.0","12.0","240.0","15.9","200.0","1.9","39,357.0","1.6","111,750.0","2.2","141,540.0","2.1","432,391.0","","US","CH","0401",
"1","China","4","0401","Milk Not Concentrate","2021-2021","LITER","1.4","14,024.0","2.2","26,000.0","2.1","33,138.0","1.0","40,000.0","2.0","97,964.0","2.5","188,000.0","2.6","28,603.0","1.8","50,208.0","1.6","68,702.0","1.8","38,000.0","1.5","30,309.0","0.8","19,000.0","2.0","633,948.0","","US","CH","0401",
"1","China","4","0401","Milk Not Concentrate","2022-2022","LITER","6.6","980.0","2.0","10,980.0","","0.0","","0.0","","0.0","1.2","20,000.0","","0.0","2.0","2,507.0","","0.0","0.8","35,592.0","","0.0","","0.0","1.2","70,059.0","","US","CH","0401",
"1","China","4","0401","Milk Not Concentrate","2023-2023","LITER","3.6","7,275.0","27.5","200.0","1.6","16,643.0","1.8","27,309.0","1.2","60,772.0","0.9","30,748.0","14.4","294.0","14.4","378.0","","0.0","2.0","1,362.0","2.8","13,491.0","","0.0","1.6","158,472.0","","US","CH","0401",
"1","China","4","0401","Milk Not Concentrate","2024-2024","LITER","","0.0","2.7","4,153.0","3.3","9,038.0","","0.0","2.4","2,205.0","","0.0","11.0","417.0","2.3","6,204.0","3.3","5,082.0","0.8","46,017.0","","0.0","2.3","1,252.0","1.7","74,368.0","","US","CH","0401",
"1","China","4","0401","Milk Not Concentrate","2025-2025","LITER","3.6","9,947.0","5.8","9,884.0","","0.0","2.8","9,452.0","3.2","20,000.0","","0.0","2.8","1,913.0","14.7","179.0","2.5","4,283.0","2.9","5,731.0","","0.0","2.7","11,426.0","3.5","72,815.0","","US","CH","0401",
"1","China","4","0401","Milk Not Concentrate","2026-2026","LITER","15.9","600.0","","","","","","","","","","","","","","","","","","","","","","","15.9","600.0","","US","CH","0401",
"1","China","5","0403","Buttermilk","2005-2005","MT","","0.0","4,712.0","1.4","","0.0","","0.0","970.6","14.8","7,105.5","4.7","1,102.3","195.6","1,102.3","7.7","1,102.3","20.6","","0.0","","0.0","1,276.7","16.6","1,232.3","261.4","","US","CH","0403",
"1","China","5","0403","Buttermilk","2006-2006","MT","1,623.9","16.0","1,222.4","37.4","","0.0","3,155.3","13.5","","0.0","14,020.0","30.1","17,105.6","23.4","2,136.4","16.4","2,265.7","1.7","2,122.8","3.5","2,122.6","15.5","2,122.8","2.9","6,942.5","160.4","","US","CH","0403",
"1","China","5","0403","Buttermilk","2007-2007","MT","2,155.6","28.3","9,630.2","7.6","","0.0","17,827.9","1.7","4,699.7","25.4","3,151.7","4.6","2,122.5","2.8","7,028.3","21.6","11,740.3","6.5","","0.0","2,370.7","20.7","","0.0","4,933.9","119.1","","US","CH","0403",
"1","China","5","0403","Buttermilk","2008-2008","MT","2,122.7","26.6","","0.0","","0.0","2,395.3","24.8","2,122.4","3.6","2,122.6","25.1","2,122.7","27.6","2,122.9","2.1","5,752.3","1.3","34,600.5","1.3","2,991.8","24.7","","0.0","2,677.0","137.2","","US","CH","0403",
"1","China","5","0403","Buttermilk","2009-2009","MT","2,318.2","27.3","5,941.1","0.5","2,122.6","28.4","","0.0","4,359.6","5.3","28,254.4","1.0","3,988.8","1.7","2,239.7","27.8","7,298.7","2.4","3,531.8","3.6","3,944.4","1.4","2,257.0","25.8","2,777.1","125.1","","US","CH","0403",
"1","China","5","0403","Buttermilk","2010-2010","MT","4,344.9","1.3","2,370.1","13.1","8,184.9","1.0","3,350.2","66.3","8,407.9","28.2","3,684.2","31.0","21,700.8","2.6","","0.0","5,171.0","1.2","3,948.7","2.9","2,342.1","44.2","129,548.3","1.3","6,847.3","193.1","","US","CH","0403",
"1","China","5","0403","Buttermilk","2011-2011","MT","7,614.9","0.3","2,511.0","32.4","214,796.8","1.6","95,070.1","3.1","2,255.3","30.9","380,461.5","1.9","81,706.1","17.3","149,413.4","4.7","334,474.3","5.9","1,907,065.5","0.9","297,611.1","4.0","","0.0","94,643.2","103.1","","US","CH","0403",
"1","China","5","0403","Buttermilk","2012-2012","MT","141,228.6","11.6","2,832,346.1","0.8","917,972.7","1.1","79,726.6","16.3","177,502.5","17.7","1,795.4","15.0","684,428.6","0.7","152,567.0","4.8","379,427.5","1.2","3,255.3","20.8","84,127.6","5.8","198,224.0","0.4","120,996.8","96.1","","US","CH","0403",
"1","China","5","0403","Buttermilk","2013-2013","MT","121,093.8","0.4","","0.0","","0.0","2,122.6","8.2","6,445.4","0.9","","0.0","14,660.4","34.7","2,402.7","10.1","","0.0","5,312.9","20.8","1,732.9","19.1","2,122.7","26.2","15,215.2","120.3","","US","CH","0403",
"1","China","5","0403","Buttermilk","2014-2014","MT","12,820.7","31.3","4,721.4","21.1","6,712.5","59.4","23,026.8","20.8","3,553.4","82.7","32,222.2","1.4","2,081.1","27.6","5,082.3","41.1","27,515.1","1.0","3,141.1","33.1","5,570.3","14.9","3,002.6","1.9","6,552.6","336.4","","US","CH","0403",
"1","China","5","0403","Buttermilk","2015-2015","MT","14,144.1","7.3","9,511.5","26.8","4,176.8","94.9","3,507.4","27.2","6,296.0","14.0","11,613.3","26.3","32,479.4","1.6","5,409.5","38.6","4,541.5","152.5","5,038.9","26.8","1,533.3","85.2","1,648.4","67.7","4,526.3","568.9","","US","CH","0403",
"1","China","5","0403","Buttermilk","2016-2016","MT","8,284.6","17.7","4,667.8","35.0","6,684.0","39.4","1,743.5","139.0","","0.0","1,853.3","16.7","8,595.5","16.7","10,137.7","10.1","","0.0","","0.0","","0.0","4,719.1","18.2","5,448.4","292.7","","US","CH","0403",
"1","China","5","0403","Buttermilk","2017-2017","MT","2,548.1","11.7","50,953.9","2.2","1,248.8","18.6","5,973.6","25.9","","0.0","12,403.4","8.4","2,603.2","22.5","2,080.7","39.6","2,388.0","49.5","8,565.8","5.4","9,618.2","9.4","3,989.9","29.9","4,719.7","223.2","","US","CH","0403",
"1","China","5","0403","Buttermilk","2018-2018","MT","2,122.7","4.7","2,480.4","84.9","3,337.5","28.9","3,582.1","90.1","9,997.4","24.7","17,144.7","5.7","2,480.4","82.2","2,178.2","81.9","2,122.6","20.2","6,629.1","36.6","3,945.5","29.8","3,942.7","23.2","3,628.1","512.8","","US","CH","0403",
"1","China","5","0403","Buttermilk","2019-2019","MT","392,475.9","0.8","21,219.7","10.5","","0.0","11,174.5","21.5","288,972.5","1.0","20,533.7","20.3","14,706.0","11.8","30,100.9","14.1","11,525.7","22.4","58,622.1","9.2","40,280.1","2.5","3,337.1","3.1","25,978.0","117.3","","US","CH","0403",
"1","China","5","0403","Buttermilk","2020-2020","MT","3,231.1","15.9","2,978.5","90.4","2,122.6","1.2","2,906.4","20.6","7,849.6","40.8","3,601.7","34.5","3,300.5","117.2","10,004.7","28.9","9,129.0","2.9","4,977.4","30.7","3,712.5","6.2","19,011.0","10.0","4,747.4","399.2","","US","CH","0403",
"1","China","5","0403","Buttermilk","2021-2021","MT","2,122.7","90.0","8,057.4","17.4","4,094.2","39.7","4,469.4","32.0","28,689.1","4.9","15,871.4","16.6","3,862.6","6.7","224,097.0","0.3","2,681.8","10.3","2,796.6","34.8","","0.0","2,243.5","35.7","5,470.9","288.4","","US","CH","0403",
"1","China","5","0403","Buttermilk","2022-2022","MT","157,871.4","0.5","5,256.6","19.1","31,832.1","7.3","2,834.0","14.6","23,835.0","6.5","2,590.3","22.2","2,356.8","16.0","","0.0","23,338.6","0.1","","0.0","23,288.2","0.5","","0.0","8,513.1","86.8","","US","CH","0403",
"1","China","5","0403","Buttermilk","2023-2023","MT","","0.0","","0.0","8,372.0","21.8","28,940.2","2.7","4,137.7","5.7","2,122.6","19.8","14,702.4","0.7","2,122.6","14.0","2,880.8","16.5","2,370.2","41.2","2,281.3","61.8","","0.0","3,536.4","184.1","","US","CH","0403",
"1","China","5","0403","Buttermilk","2024-2024","MT","","0.0","","0.0","3,539.0","7.7","13,199.6","5.3","","0.0","","0.0","","0.0","5,800.0","3.0","","0.0","","0.0","11,649.6","3.4","7,029.1","6.3","10,372.8","25.6","","US","CH","0403",
"1","China","5","0403","Buttermilk","2025-2025","MT","","0.0","","0.0","","0.0","","0.0","","0.0","","0.0","5,800.0","0.5","5,800.0","2.7","","0.0","","0.0","6,347.4","1.2","","0.0","37,599.5","4.4","","US","CH","0403",
"1","China","6","0405","Butter, Fats, Milk","2005-2005","MT","","0.0","","0.0","","0.0","","0.0","","0.0","","0.0","629.5","12.5","2,575.2","4.5","","0.0","","0.0","2,524.2","4.5","","0.0","1,438.4","21.5","","US","CH","0405",
"1","China","6","0405","Butter, Fats, Milk","2006-2006","MT","2,795.6","3.5","826.7","5.7","2,558.7","3.0","","0.0","2,884.7","1.7","2,181.5","6.5","1,559.7","49.2","","0.0","3,017.7","2.1","1,331.5","17.9","1,363.2","15.7","2,939.9","2.8","1,645.6","108.1","","US","CH","0405",
"1","China","6","0405","Butter, Fats, Milk","2007-2007","MT","1,048.6","13.3","1,368.9","15.5","2,848.0","2.6","1,821.0","35.4","2,448.0","28.6","3,042.8","1.0","3,539.1","5.4","3,520.1","4.8","2,239.9","8.9","2,393.1","11.8","2,696.0","5.1","2,185.3","56.5","2,125.1","189.0","","US","CH","0405",
"1","China","6","0405","Butter, Fats, Milk","2008-2008","MT","3,578.9","60.2","3,274.8","23.9","2,164.2","57.5","3,457.5","39.0","3,061.9","29.9","2,734.7","1.8","2,894.3","23.9","","0.0","3,075.2","5.4","3,789.4","19.6","4,172.0","9.7","2,922.8","7.6","3,131.9","278.5","","US","CH","0405",
"1","China","6","0405","Butter, Fats, Milk","2009-2009","MT","2,927.8","24.5","3,304.3","23.8","2,880.3","3.5","2,606.6","27.7","3,520.8","29.2","2,475.3","18.9","3,180.1","20.0","3,148.6","11.4","3,431.8","16.6","2,677.2","50.2","3,787.7","6.4","3,649.6","34.7","3,087.1","266.9","","US","CH","0405",
"1","China","6","0405","Butter, Fats, Milk","2010-2010","MT","3,808.2","3.7","2,469.6","35.2","3,930.1","30.1","3,625.7","22.8","2,850.4","81.5","3,678.9","19.3","2,031.5","43.3","3,960.2","6.0","4,739.9","35.5","3,684.4","13.6","2,133.0","36.0","3,813.1","53.7","3,196.3","380.8","","US","CH","0405",
"1","China","6","0405","Butter, Fats, Milk","2011-2011","MT","3,973.2","8.0","5,000.7","43.7","4,229.6","6.3","2,031.9","89.2","2,452.0","93.9","5,550.2","107.9","3,903.3","8.4","5,126.7","31.2","2,559.1","70.5","3,794.1","5.4","","0.0","1,752.0","38.9","3,474.7","503.4","","US","CH","0405",
"1","China","6","0405","Butter, Fats, Milk","2012-2012","MT","","0.0","5,486.7","38.1","3,637.6","19.0","","0.0","3,581.9","37.4","3,961.0","28.8","5,884.0","19.4","1,752.0","48.3","5,621.6","14.0","5,467.2","25.7","","0.0","1,752.0","9.8","3,997.0","240.3","","US","CH","0405",
"1","China","6","0405","Butter, Fats, Milk","2013-2013","MT","","0.0","5,413.5","19.4","4,834.4","20.1","5,231.2","20.1","1,752.0","11.7","3,777.4","19.4","5,646.8","21.1","5,489.1","30.0","3,990.3","19.2","4,582.3","387.5","4,943.9","357.2","5,112.7","40.0","4,766.3","945.7","","US","CH","0405",
"1","China","6","0405","Butter, Fats, Milk","2014-2014","MT","4,708.3","397.7","4,245.5","223.9","5,019.6","158.1","4,914.0","157.3","","0.0","1,752.0","766.1","1,752.0","835.2","1,752.0","128.8","","0.0","6,602.7","21.1","","0.0","5,712.7","0.9","2,813.2","2,689.1","","US","CH","0405",
"1","China","6","0405","Butter, Fats, Milk","2015-2015","MT","","0.0","","0.0","2,202.0","8.8","5,692.4","1.1","","0.0","1,752.0","48.7","","0.0","","0.0","","0.0","1,752.0","52.5","","0.0","","0.0","1,826.7","111.1","","US","CH","0405",
"1","China","6","0405","Butter, Fats, Milk","2016-2016","MT","1,830.8","7.2","4,732.4","3.7","","0.0","1,850.0","6.6","2,202.0","16.6","1,752.0","78.7","4,575.0","252.0","","0.0","2,098.3","22.9","","0.0","","0.0","","0.0","3,658.3","387.7","","US","CH","0405",
"1","China","6","0405","Butter, Fats, Milk","2017-2017","MT","","0.0","3,258.0","4.0","","0.0","","0.0","1,846.5","85.6","2,829.9","10.1","","0.0","","0.0","3,023.6","3.1","6,835.9","4.5","1,775.1","284.9","6,330.9","3.3","1,937.9","395.6","","US","CH","0405",
"1","China","6","0405","Butter, Fats, Milk","2018-2018","MT","6,327.5","1.6","6,254.8","1.5","6,334.3","0.7","","0.0","6,325.2","1.5","6,240.7","3.3","6,152.3","1.7","6,151.9","2.4","1,752.0","20.4","2,720.7","13.7","6,146.9","0.5","","0.0","3,279.3","47.2","","US","CH","0405",
"1","China","6","0405","Butter, Fats, Milk","2019-2019","MT","2,177.5","11.3","","0.0","","0.0","","0.0","","0.0","","0.0","","0.0","","0.0","1,752.0","242.8","","0.0","","0.0","","0.0","1,770.9","254.1","","US","CH","0405",
"1","China","6","0405","Butter, Fats, Milk","2020-2020","MT","","0.0","","0.0","","0.0","","0.0","4,840.0","112.8","4,840.0","56.7","4,630.1","390.0","","0.0","","0.0","","0.0","","0.0","17,564.7","0.3","4,701.5","559.8","","US","CH","0405",
"1","China","6","0405","Butter, Fats, Milk","2021-2021","MT","","0.0","13,398.7","0.5","5,046.2","17.6","4,430.5","267.8","4,622.1","776.6","","0.0","1,752.0","133.3","1,752.0","1,048.1","1,803.1","1,275.6","3,617.4","96.0","2,164.4","300.0","","0.0","2,614.6","3,915.4","","US","CH","0405",
"1","China","6","0405","Butter, Fats, Milk","2022-2022","MT","2,202.0","39.7","1,752.0","60.8","5,675.0","11.4","","0.0","2,202.1","29.6","2,147.7","35.0","2,201.9","5.3","2,115.7","110.2","2,202.0","37.6","4,344.3","19.1","2,202.0","37.6","","0.0","2,309.9","386.3","","US","CH","0405",
"1","China","6","0405","Butter, Fats, Milk","2023-2023","MT","2,202.1","36.3","2,202.1","36.3","2,470.0","257.2","1,751.6","1.5","","0.0","10,753.0","17.7","1,751.9","1.9","","0.0","8,101.6","8.7","8,101.6","17.3","","0.0","8,698.6","17.3","3,430.1","394.2","","US","CH","0405",
"1","China","6","0405","Butter, Fats, Milk","2024-2024","MT","","0.0","11,245.8","18.0","","0.0","9,519.8","8.7","9,593.5","9.2","9,747.3","8.7","8,386.8","8.5","11,334.2","48.5","12,104.1","32.6","10,903.4","22.1","1,952.1","92.0","8,173.2","23.3","7,674.6","271.5","","US","CH","0405",
"1","China","6","0405","Butter, Fats, Milk","2025-2025","MT","11,617.9","33.1","5,056.8","11.6","1,752.0","16.2","10,395.2","11.6","7,975.9","8.7","4,528.6","19.4","14,303.6","18.0","7,127.8","10.6","12,381.5","26.7","5,903.4","18.7","7,401.8","8.7","7,401.8","8.7","8,606.9","191.9","","US","CH","0405",
"Notes:"
"1. Data Source: U.S. Census Bureau Trade Data"
"2. Users should use cautious interpretation on QUANTITY reports using mixed units of measure. QUANTITY line items will only include statistics on the units of measure that are equal to, or are able to be converted to, the assigned unit of measure of the grouped commodities."
"3. The Unit Value is calculated by dividing the sum of the value by the sum of the quantity converted to the  selected  unit of measure to three decimal places. (9999/99.999)"
"4. Product Group : Harmonized"