"Data generated on Thursday, April 23, 2026 at 10:36:14 AM EST"
Area/Partners of Destination,,,,,January 2005 - December 2026
And Commodities Exported,,,,,Quantities
,,,,,,,January,February,March,April,May,June,July,August,September,October,November,December,Total,
,Partner,,HS Code,Product,Year,UOM,Qty,Qty,Qty,Qty,Qty,Qty,Qty,Qty,Qty,Qty,Qty,Qty,Qty,Reporter Code,Partner Code,Product Code,
"1","China","1","0404","Whey, Natural Milk","2005-2005","MT","3,911.4","6,287.3","8,764.1","9,341.6","6,394.9","4,004.0","4,413.4","5,379.1","6,086.4","4,625.4","4,534.0","4,508.5","68,249.9","US","CH","0404",
"1","China","1","0404","Whey, Natural Milk","2006-2006","MT","3,694.0","6,039.4","8,593.6","7,818.3","6,004.5","4,876.0","5,117.0","3,210.6","5,105.7","4,002.6","3,476.5","4,563.5","62,501.7","US","CH","0404",
"1","China","1","0404","Whey, Natural Milk","2007-2007","MT","3,434.6","4,813.7","7,102.6","4,742.3","6,132.2","3,092.0","1,587.6","3,694.5","3,835.2","7,763.7","6,763.9","7,461.0","60,423.3","US","CH","0404",
"1","China","1","0404","Whey, Natural Milk","2008-2008","MT","4,372.4","4,967.2","6,172.0","5,225.3","3,713.5","5,316.7","7,163.7","7,090.5","6,784.3","6,995.2","8,283.5","6,576.9","72,661.0","US","CH","0404",
"1","China","1","0404","Whey, Natural Milk","2009-2009","MT","4,089.8","7,174.4","11,345.0","6,765.5","7,933.7","8,234.1","5,654.7","6,872.0","7,113.0","9,675.0","8,797.4","10,030.3","93,684.7","US","CH","0404",
"1","China","1","0404","Whey, Natural Milk","2010-2010","MT","9,939.1","10,175.9","10,520.0","12,599.5","12,273.2","7,465.9","5,132.9","9,715.8","12,542.9","12,725.4","12,135.9","13,798.3","129,024.9","US","CH","0404",
"1","China","1","0404","Whey, Natural Milk","2011-2011","MT","10,466.9","8,110.3","11,013.3","10,027.7","12,841.3","11,511.6","12,769.3","15,921.5","11,308.1","14,378.6","19,916.9","13,948.3","152,213.6","US","CH","0404",
"1","China","1","0404","Whey, Natural Milk","2012-2012","MT","8,671.8","9,069.1","13,197.0","11,454.9","14,609.6","13,408.2","14,143.8","14,036.5","17,154.8","14,460.5","12,020.8","12,330.6","154,557.5","US","CH","0404",
"1","China","1","0404","Whey, Natural Milk","2013-2013","MT","13,446.1","10,043.1","11,958.5","15,654.1","17,569.6","20,104.4","18,899.0","19,481.9","13,760.3","14,688.0","13,429.4","14,045.0","183,079.4","US","CH","0404",
"1","China","1","0404","Whey, Natural Milk","2014-2014","MT","11,312.6","14,085.0","19,138.3","17,874.4","16,717.1","16,446.3","17,711.7","16,031.7","10,889.5","15,611.3","13,934.3","13,508.6","183,260.8","US","CH","0404",
"1","China","1","0404","Whey, Natural Milk","2015-2015","MT","9,019.5","8,440.7","14,304.1","17,635.1","19,378.2","15,279.5","15,370.0","10,218.3","13,198.9","12,532.9","9,522.7","9,549.8","154,449.7","US","CH","0404",
"1","China","1","0404","Whey, Natural Milk","2016-2016","MT","10,065.6","10,766.6","10,853.6","12,738.9","17,926.7","21,721.7","19,438.3","20,906.1","16,952.9","20,504.4","23,186.3","22,586.1","207,647.3","US","CH","0404",
"1","China","1","0404","Whey, Natural Milk","2017-2017","MT","18,982.3","20,364.0","20,397.9","19,779.0","21,913.3","19,298.5","18,953.6","19,825.9","17,326.7","20,264.2","22,196.3","24,230.0","243,531.6","US","CH","0404",
"1","China","1","0404","Whey, Natural Milk","2018-2018","MT","20,258.4","19,886.0","22,290.5","23,509.3","20,697.5","17,745.1","13,716.2","14,109.3","10,434.9","9,501.6","13,252.1","11,629.0","197,029.9","US","CH","0404",
"1","China","1","0404","Whey, Natural Milk","2019-2019","MT","9,114.4","8,000.0","9,996.2","6,289.8","6,702.5","10,213.8","8,205.2","4,845.4","8,179.7","6,007.0","9,911.0","10,489.8","97,954.6","US","CH","0404",
"1","China","1","0404","Whey, Natural Milk","2020-2020","MT","11,767.1","9,282.0","12,209.0","14,488.0","17,320.2","18,057.9","16,430.2","21,580.2","18,721.3","25,532.9","19,989.3","25,228.5","210,606.4","US","CH","0404",
"1","China","1","0404","Whey, Natural Milk","2021-2021","MT","22,086.3","24,833.7","25,528.8","24,955.0","24,406.1","25,166.8","22,619.8","23,338.7","19,967.6","18,242.3","16,067.1","12,294.2","259,506.5","US","CH","0404",
"1","China","1","0404","Whey, Natural Milk","2022-2022","MT","14,246.6","19,048.2","25,322.5","22,492.2","25,753.8","26,974.6","26,252.1","32,375.8","29,314.0","23,634.9","28,659.7","25,445.2","299,519.6","US","CH","0404",
"1","China","1","0404","Whey, Natural Milk","2023-2023","MT","18,828.7","18,745.7","24,993.7","17,672.9","16,946.8","16,071.3","14,268.5","19,244.9","17,857.9","17,666.4","22,176.1","16,088.9","220,561.6","US","CH","0404",
"1","China","1","0404","Whey, Natural Milk","2024-2024","MT","14,793.5","16,669.8","15,896.2","18,611.4","20,792.9","18,666.7","19,128.4","17,183.7","20,276.5","17,686.2","16,692.8","20,015.8","216,413.9","US","CH","0404",
"1","China","1","0404","Whey, Natural Milk","2025-2025","MT","22,555.8","20,749.3","21,861.6","11,386.1","6,265.0","24,667.5","18,275.6","17,269.0","19,804.3","18,136.2","21,796.5","21,645.1","224,412.1","US","CH","0404",
"1","China","1","0404","Whey, Natural Milk","2026-2026","MT","19,911.3","","","","","","","","","","","","19,911.3","US","CH","0404",
"1","China","2","0401","Milk Not Concentrate","2006-2006","LITER","36,999.0","0.0","0.0","0.0","0.0","0.0","0.0","0.0","0.0","0.0","0.0","0.0","36,999.0","US","CH","0401",
"1","China","2","0401","Milk Not Concentrate","2007-2007","LITER","0.0","0.0","0.0","15,534.0","0.0","0.0","0.0","0.0","0.0","0.0","0.0","0.0","15,534.0","US","CH","0401",
"1","China","2","0401","Milk Not Concentrate","2008-2008","LITER","0.0","0.0","0.0","0.0","17,380.0","0.0","0.0","0.0","25,097.0","25,097.0","0.0","2,385.0","69,959.0","US","CH","0401",
"1","China","2","0401","Milk Not Concentrate","2009-2009","LITER","0.0","0.0","0.0","0.0","5,969.0","0.0","0.0","0.0","0.0","71,597.0","0.0","71,855.0","149,421.0","US","CH","0401",
"1","China","2","0401","Milk Not Concentrate","2010-2010","LITER","73,029.0","81,238.0","0.0","0.0","0.0","5,116.0","4,674.0","4,421.0","0.0","6,096.0","8,176.0","24,435.0","207,185.0","US","CH","0401",
"1","China","2","0401","Milk Not Concentrate","2011-2011","LITER","0.0","0.0","28,695.0","20,228.0","0.0","24,785.0","42,827.0","115,733.0","0.0","47,372.0","85,792.0","65,070.0","430,502.0","US","CH","0401",
"1","China","2","0401","Milk Not Concentrate","2012-2012","LITER","179,462.0","1,608.0","209,986.0","26,718.0","246,128.0","83,979.0","141,773.0","120,575.0","94,887.0","77,572.0","90,370.0","135,848.0","1,408,906.0","US","CH","0401",
"1","China","2","0401","Milk Not Concentrate","2013-2013","LITER","72,000.0","133,496.0","171,667.0","189,788.0","131,918.0","90,417.0","113,393.0","205,227.0","205,542.0","31,084.0","678,953.0","370,164.0","2,393,649.0","US","CH","0401",
"1","China","2","0401","Milk Not Concentrate","2014-2014","LITER","244,736.0","292,950.0","169,010.0","897,860.0","267,297.0","430,748.0","356,863.0","590,219.0","307,213.0","528,174.0","184,630.0","241,319.0","4,511,019.0","US","CH","0401",
"1","China","2","0401","Milk Not Concentrate","2015-2015","LITER","52,516.0","305,576.0","89,128.0","52,545.0","69,008.0","202,362.0","0.0","191,658.0","8,100.0","33,933.0","0.0","252,835.0","1,257,661.0","US","CH","0401",
"1","China","2","0401","Milk Not Concentrate","2016-2016","LITER","52,940.0","0.0","0.0","0.0","800.0","0.0","13,739.0","66,521.0","38,003.0","125,363.0","6,814.0","0.0","304,180.0","US","CH","0401",
"1","China","2","0401","Milk Not Concentrate","2017-2017","LITER","9,474.0","32,500.0","0.0","0.0","36,890.0","8,712.0","20,204.0","0.0","0.0","0.0","1,020.0","2,232.0","111,032.0","US","CH","0401",
"1","China","2","0401","Milk Not Concentrate","2018-2018","LITER","9,356.0","1,740.0","4,380.0","110,184.0","130.0","2,461.0","27,624.0","3,581.0","0.0","2,400.0","25,200.0","6,309.0","193,365.0","US","CH","0401",
"1","China","2","0401","Milk Not Concentrate","2019-2019","LITER","6,849.0","7,770.0","0.0","0.0","0.0","1,869.0","7,856.0","29,685.0","0.0","74,536.0","131,851.0","101,111.0","361,527.0","US","CH","0401",
"1","China","2","0401","Milk Not Concentrate","2020-2020","LITER","34,488.0","0.0","21,198.0","0.0","83,071.0","272.0","275.0","240.0","200.0","39,357.0","111,750.0","141,540.0","432,391.0","US","CH","0401",
"1","China","2","0401","Milk Not Concentrate","2021-2021","LITER","14,024.0","26,000.0","33,138.0","40,000.0","97,964.0","188,000.0","28,603.0","50,208.0","68,702.0","38,000.0","30,309.0","19,000.0","633,948.0","US","CH","0401",
"1","China","2","0401","Milk Not Concentrate","2022-2022","LITER","980.0","10,980.0","0.0","0.0","0.0","20,000.0","0.0","2,507.0","0.0","35,592.0","0.0","0.0","70,059.0","US","CH","0401",
"1","China","2","0401","Milk Not Concentrate","2023-2023","LITER","7,275.0","200.0","16,643.0","27,309.0","60,772.0","30,748.0","294.0","378.0","0.0","1,362.0","13,491.0","0.0","158,472.0","US","CH","0401",
"1","China","2","0401","Milk Not Concentrate","2024-2024","LITER","0.0","4,153.0","9,038.0","0.0","2,205.0","0.0","417.0","6,204.0","5,082.0","46,017.0","0.0","1,252.0","74,368.0","US","CH","0401",
"1","China","2","0401","Milk Not Concentrate","2025-2025","LITER","9,947.0","9,884.0","0.0","9,452.0","20,000.0","0.0","1,913.0","179.0","4,283.0","5,731.0","0.0","11,426.0","72,815.0","US","CH","0401",
"1","China","2","0401","Milk Not Concentrate","2026-2026","LITER","600.0","","","","","","","","","","","","600.0","US","CH","0401",
"1","China","3","0402","Milk Concentrated","2005-2005","MT","353.0","1,355.9","168.2","447.1","106.1","149.4","209.3","190.0","275.5","0.0","155.7","0.0","3,410.1","US","CH","0402",
"1","China","3","0402","Milk Concentrated","2006-2006","MT","19.4","800.0","1,000.0","1,620.1","2,185.5","1,357.5","1,841.2","1,726.4","603.0","1,509.3","426.4","11.7","13,100.7","US","CH","0402",
"1","China","3","0402","Milk Concentrated","2007-2007","MT","120.2","128.8","37.2","21.5","192.0","629.3","210.7","354.7","1,239.3","453.1","1,461.0","1,876.7","6,724.5","US","CH","0402",
"1","China","3","0402","Milk Concentrated","2008-2008","MT","2,868.0","2,310.3","2,240.6","1,416.0","1,907.4","458.9","1,135.4","786.8","69.1","145.1","50.5","12.9","13,401.0","US","CH","0402",
"1","China","3","0402","Milk Concentrated","2009-2009","MT","1.1","0.0","1.1","399.5","1,102.8","642.3","406.2","436.4","379.8","1,599.7","809.2","241.9","6,019.9","US","CH","0402",
"1","China","3","0402","Milk Concentrated","2010-2010","MT","43.7","890.0","1,205.4","1,997.2","1,870.3","1,154.0","1,096.8","250.6","1,819.2","1,449.6","949.4","2,792.9","15,519.1","US","CH","0402",
"1","China","3","0402","Milk Concentrated","2011-2011","MT","1,102.3","671.0","460.0","1,481.5","1,777.8","789.4","1,610.8","1,011.4","2,743.3","1,335.2","1,880.8","390.1","15,253.6","US","CH","0402",
"1","China","3","0402","Milk Concentrated","2012-2012","MT","1,831.7","760.7","774.1","2,688.5","2,195.2","3,500.4","672.5","1,313.2","775.4","1,149.0","892.0","1,478.5","18,031.3","US","CH","0402",
"1","China","3","0402","Milk Concentrated","2013-2013","MT","706.5","650.8","1,122.6","4,926.9","6,781.3","8,792.1","7,030.3","10,255.3","9,611.2","7,801.2","5,937.8","6,820.5","70,436.4","US","CH","0402",
"1","China","3","0402","Milk Concentrated","2014-2014","MT","3,144.3","4,846.4","9,637.5","4,120.8","7,709.5","5,608.3","4,652.8","6,515.1","3,742.0","2,614.7","1,952.2","2,382.0","56,925.5","US","CH","0402",
"1","China","3","0402","Milk Concentrated","2015-2015","MT","1,934.4","2,964.2","3,881.8","4,056.7","6,275.0","2,338.6","2,135.1","3,091.1","1,082.1","1,503.4","1,887.4","1,432.1","32,582.0","US","CH","0402",
"1","China","3","0402","Milk Concentrated","2016-2016","MT","1,197.9","1,691.3","1,158.1","1,635.9","2,134.9","1,734.4","2,637.6","1,970.3","910.7","1,224.0","1,730.2","3,021.3","21,046.5","US","CH","0402",
"1","China","3","0402","Milk Concentrated","2017-2017","MT","2,520.6","3,481.3","5,361.8","4,254.9","4,733.6","3,025.1","2,726.7","4,531.4","3,884.5","4,233.0","2,888.6","2,943.1","44,584.6","US","CH","0402",
"1","China","3","0402","Milk Concentrated","2018-2018","MT","429.9","3,090.7","5,031.8","6,218.0","6,356.0","4,529.0","1,647.5","2,046.0","627.3","497.0","815.7","532.0","31,820.8","US","CH","0402",
"1","China","3","0402","Milk Concentrated","2019-2019","MT","498.9","796.6","306.7","350.1","747.1","514.8","672.0","318.1","548.5","631.4","3,637.2","2,153.4","11,174.9","US","CH","0402",
"1","China","3","0402","Milk Concentrated","2020-2020","MT","308.8","484.9","202.7","1,023.6","3,815.3","4,770.3","2,081.4","6,082.4","3,367.2","4,343.6","3,099.7","1,907.6","31,487.6","US","CH","0402",
"1","China","3","0402","Milk Concentrated","2021-2021","MT","1,956.6","2,608.1","5,487.1","5,593.3","6,431.7","6,939.4","7,826.3","5,482.8","6,489.1","2,779.2","2,997.6","3,183.5","57,774.8","US","CH","0402",
"1","China","3","0402","Milk Concentrated","2022-2022","MT","3,774.3","4,729.9","3,862.7","4,798.2","4,227.1","5,234.0","5,805.2","4,221.3","4,067.2","3,569.4","4,186.3","4,618.8","53,094.4","US","CH","0402",
"1","China","3","0402","Milk Concentrated","2023-2023","MT","2,819.8","2,367.7","2,428.9","2,646.4","2,045.5","1,181.1","1,309.6","1,333.0","2,217.8","1,362.3","963.0","736.5","21,411.8","US","CH","0402",
"1","China","3","0402","Milk Concentrated","2024-2024","MT","785.4","687.2","1,351.4","852.0","1,505.4","658.0","952.3","814.0","1,142.4","1,144.1","845.6","1,155.9","11,893.8","US","CH","0402",
"1","China","3","0402","Milk Concentrated","2025-2025","MT","424.9","518.4","585.7","379.1","309.3","596.7","333.5","409.4","250.0","690.8","270.5","395.5","5,163.8","US","CH","0402",
"1","China","3","0402","Milk Concentrated","2026-2026","MT","370.8","","","","","","","","","","","","370.8","US","CH","0402",
"1","China","4","0406","Cheese And Curd","2005-2005","MT","0.0","0.0","11.4","0.0","4.1","1.0","4.1","24.4","7.4","52.6","69.3","83.1","257.5","US","CH","0406",
"1","China","4","0406","Cheese And Curd","2006-2006","MT","10.9","111.2","228.3","130.8","62.4","126.9","111.7","153.4","111.3","88.2","37.2","41.1","1,213.2","US","CH","0406",
"1","China","4","0406","Cheese And Curd","2007-2007","MT","73.9","78.4","75.3","71.3","63.2","120.7","180.6","162.5","115.2","70.2","94.4","99.7","1,205.3","US","CH","0406",
"1","China","4","0406","Cheese And Curd","2008-2008","MT","51.9","117.4","210.1","243.5","289.0","134.0","165.7","197.0","241.6","84.5","175.4","118.4","2,028.6","US","CH","0406",
"1","China","4","0406","Cheese And Curd","2009-2009","MT","39.3","87.3","129.2","193.5","250.2","174.6","131.8","183.6","206.1","76.0","194.0","270.1","1,935.7","US","CH","0406",
"1","China","4","0406","Cheese And Curd","2010-2010","MT","207.2","319.8","233.5","317.5","338.4","241.3","136.0","247.6","208.4","157.7","129.4","329.4","2,866.3","US","CH","0406",
"1","China","4","0406","Cheese And Curd","2011-2011","MT","518.9","924.4","353.0","714.5","716.1","513.4","490.5","381.8","338.2","492.9","663.3","570.6","6,677.5","US","CH","0406",
"1","China","4","0406","Cheese And Curd","2012-2012","MT","690.7","550.1","794.9","691.7","1,024.9","904.6","909.4","947.6","584.9","698.0","619.3","382.1","8,798.0","US","CH","0406",
"1","China","4","0406","Cheese And Curd","2013-2013","MT","414.6","937.0","779.3","951.9","787.9","505.4","903.5","1,158.7","1,360.5","1,149.8","1,158.8","1,235.8","11,343.3","US","CH","0406",
"1","China","4","0406","Cheese And Curd","2014-2014","MT","830.4","1,001.7","1,508.1","1,340.5","917.8","1,443.9","1,015.6","1,040.1","682.5","734.0","780.7","618.3","11,913.7","US","CH","0406",
"1","China","4","0406","Cheese And Curd","2015-2015","MT","567.9","1,468.0","1,417.9","1,125.1","1,014.3","1,262.4","1,021.2","935.6","695.4","1,001.5","1,228.3","555.1","12,292.7","US","CH","0406",
"1","China","4","0406","Cheese And Curd","2016-2016","MT","470.8","720.9","723.9","735.8","838.0","941.7","1,008.4","876.0","774.7","1,116.9","652.0","900.2","9,759.3","US","CH","0406",
"1","China","4","0406","Cheese And Curd","2017-2017","MT","844.0","867.7","1,050.9","877.3","1,270.7","1,274.9","1,106.3","1,187.2","1,221.5","1,921.2","1,099.6","1,326.6","14,047.8","US","CH","0406",
"1","China","4","0406","Cheese And Curd","2018-2018","MT","843.6","1,741.9","1,612.2","1,719.3","1,211.5","1,126.9","434.1","682.9","431.0","678.2","742.4","1,124.6","12,348.5","US","CH","0406",
"1","China","4","0406","Cheese And Curd","2019-2019","MT","598.1","744.4","978.1","710.3","468.8","679.7","528.1","375.5","469.5","913.7","623.3","680.6","7,770.1","US","CH","0406",
"1","China","4","0406","Cheese And Curd","2020-2020","MT","552.4","550.5","365.7","610.1","1,097.7","1,666.9","517.8","282.5","382.2","695.8","369.1","563.2","7,653.9","US","CH","0406",
"1","China","4","0406","Cheese And Curd","2021-2021","MT","581.6","785.3","876.7","561.7","647.7","672.0","764.6","932.9","777.4","853.7","768.3","907.1","9,129.0","US","CH","0406",
"1","China","4","0406","Cheese And Curd","2022-2022","MT","553.6","426.9","591.6","345.9","269.1","294.7","224.0","355.3","497.0","599.7","345.3","366.3","4,869.3","US","CH","0406",
"1","China","4","0406","Cheese And Curd","2023-2023","MT","211.9","1,051.4","1,100.7","1,296.9","553.4","1,571.7","802.6","521.2","1,929.2","1,469.6","1,635.5","1,213.6","13,357.8","US","CH","0406",
"1","China","4","0406","Cheese And Curd","2024-2024","MT","339.8","1,449.1","653.4","762.2","1,034.9","496.4","297.7","321.8","283.5","440.7","505.4","601.5","7,186.3","US","CH","0406",
"1","China","4","0406","Cheese And Curd","2025-2025","MT","706.7","591.7","443.0","354.2","152.7","344.4","318.1","353.7","346.7","466.1","175.8","279.4","4,532.5","US","CH","0406",
"1","China","4","0406","Cheese And Curd","2026-2026","MT","307.2","","","","","","","","","","","","307.2","US","CH","0406",
"1","China","5","0403","Buttermilk","2005-2005","MT","0.0","1.4","0.0","0.0","14.8","4.7","195.6","7.7","20.6","0.0","0.0","16.6","261.4","US","CH","0403",
"1","China","5","0403","Buttermilk","2006-2006","MT","16.0","37.4","0.0","13.5","0.0","30.1","23.4","16.4","1.7","3.5","15.5","2.9","160.4","US","CH","0403",
"1","China","5","0403","Buttermilk","2007-2007","MT","28.3","7.6","0.0","1.7","25.4","4.6","2.8","21.6","6.5","0.0","20.7","0.0","119.1","US","CH","0403",
"1","China","5","0403","Buttermilk","2008-2008","MT","26.6","0.0","0.0","24.8","3.6","25.1","27.6","2.1","1.3","1.3","24.7","0.0","137.2","US","CH","0403",
"1","China","5","0403","Buttermilk","2009-2009","MT","27.3","0.5","28.4","0.0","5.3","1.0","1.7","27.8","2.4","3.6","1.4","25.8","125.1","US","CH","0403",
"1","China","5","0403","Buttermilk","2010-2010","MT","1.3","13.1","1.0","66.3","28.2","31.0","2.6","0.0","1.2","2.9","44.2","1.3","193.1","US","CH","0403",
"1","China","5","0403","Buttermilk","2011-2011","MT","0.3","32.4","1.6","3.1","30.9","1.9","17.3","4.7","5.9","0.9","4.0","0.0","103.1","US","CH","0403",
"1","China","5","0403","Buttermilk","2012-2012","MT","11.6","0.8","1.1","16.3","17.7","15.0","0.7","4.8","1.2","20.8","5.8","0.4","96.1","US","CH","0403",
"1","China","5","0403","Buttermilk","2013-2013","MT","0.4","0.0","0.0","8.2","0.9","0.0","34.7","10.1","0.0","20.8","19.1","26.2","120.3","US","CH","0403",
"1","China","5","0403","Buttermilk","2014-2014","MT","31.3","21.1","59.4","20.8","82.7","1.4","27.6","41.1","1.0","33.1","14.9","1.9","336.4","US","CH","0403",
"1","China","5","0403","Buttermilk","2015-2015","MT","7.3","26.8","94.9","27.2","14.0","26.3","1.6","38.6","152.5","26.8","85.2","67.7","568.9","US","CH","0403",
"1","China","5","0403","Buttermilk","2016-2016","MT","17.7","35.0","39.4","139.0","0.0","16.7","16.7","10.1","0.0","0.0","0.0","18.2","292.7","US","CH","0403",
"1","China","5","0403","Buttermilk","2017-2017","MT","11.7","2.2","18.6","25.9","0.0","8.4","22.5","39.6","49.5","5.4","9.4","29.9","223.2","US","CH","0403",
"1","China","5","0403","Buttermilk","2018-2018","MT","4.7","84.9","28.9","90.1","24.7","5.7","82.2","81.9","20.2","36.6","29.8","23.2","512.8","US","CH","0403",
"1","China","5","0403","Buttermilk","2019-2019","MT","0.8","10.5","0.0","21.5","1.0","20.3","11.8","14.1","22.4","9.2","2.5","3.1","117.3","US","CH","0403",
"1","China","5","0403","Buttermilk","2020-2020","MT","15.9","90.4","1.2","20.6","40.8","34.5","117.2","28.9","2.9","30.7","6.2","10.0","399.2","US","CH","0403",
"1","China","5","0403","Buttermilk","2021-2021","MT","90.0","17.4","39.7","32.0","4.9","16.6","6.7","0.3","10.3","34.8","0.0","35.7","288.4","US","CH","0403",
"1","China","5","0403","Buttermilk","2022-2022","MT","0.5","19.1","7.3","14.6","6.5","22.2","16.0","0.0","0.1","0.0","0.5","0.0","86.8","US","CH","0403",
"1","China","5","0403","Buttermilk","2023-2023","MT","0.0","0.0","21.8","2.7","5.7","19.8","0.7","14.0","16.5","41.2","61.8","0.0","184.1","US","CH","0403",
"1","China","5","0403","Buttermilk","2024-2024","MT","0.0","0.0","7.7","5.3","0.0","0.0","0.0","3.0","0.0","0.0","3.4","6.3","25.6","US","CH","0403",
"1","China","5","0403","Buttermilk","2025-2025","MT","0.0","0.0","0.0","0.0","0.0","0.0","0.5","2.7","0.0","0.0","1.2","0.0","4.4","US","CH","0403",
"1","China","6","0405","Butter, Fats, Milk","2005-2005","MT","0.0","0.0","0.0","0.0","0.0","0.0","12.5","4.5","0.0","0.0","4.5","0.0","21.5","US","CH","0405",
"1","China","6","0405","Butter, Fats, Milk","2006-2006","MT","3.5","5.7","3.0","0.0","1.7","6.5","49.2","0.0","2.1","17.9","15.7","2.8","108.1","US","CH","0405",
"1","China","6","0405","Butter, Fats, Milk","2007-2007","MT","13.3","15.5","2.6","35.4","28.6","1.0","5.4","4.8","8.9","11.8","5.1","56.5","189.0","US","CH","0405",
"1","China","6","0405","Butter, Fats, Milk","2008-2008","MT","60.2","23.9","57.5","39.0","29.9","1.8","23.9","0.0","5.4","19.6","9.7","7.6","278.5","US","CH","0405",
"1","China","6","0405","Butter, Fats, Milk","2009-2009","MT","24.5","23.8","3.5","27.7","29.2","18.9","20.0","11.4","16.6","50.2","6.4","34.7","266.9","US","CH","0405",
"1","China","6","0405","Butter, Fats, Milk","2010-2010","MT","3.7","35.2","30.1","22.8","81.5","19.3","43.3","6.0","35.5","13.6","36.0","53.7","380.8","US","CH","0405",
"1","China","6","0405","Butter, Fats, Milk","2011-2011","MT","8.0","43.7","6.3","89.2","93.9","107.9","8.4","31.2","70.5","5.4","0.0","38.9","503.4","US","CH","0405",
"1","China","6","0405","Butter, Fats, Milk","2012-2012","MT","0.0","38.1","19.0","0.0","37.4","28.8","19.4","48.3","14.0","25.7","0.0","9.8","240.3","US","CH","0405",
"1","China","6","0405","Butter, Fats, Milk","2013-2013","MT","0.0","19.4","20.1","20.1","11.7","19.4","21.1","30.0","19.2","387.5","357.2","40.0","945.7","US","CH","0405",
"1","China","6","0405","Butter, Fats, Milk","2014-2014","MT","397.7","223.9","158.1","157.3","0.0","766.1","835.2","128.8","0.0","21.1","0.0","0.9","2,689.1","US","CH","0405",
"1","China","6","0405","Butter, Fats, Milk","2015-2015","MT","0.0","0.0","8.8","1.1","0.0","48.7","0.0","0.0","0.0","52.5","0.0","0.0","111.1","US","CH","0405",
"1","China","6","0405","Butter, Fats, Milk","2016-2016","MT","7.2","3.7","0.0","6.6","16.6","78.7","252.0","0.0","22.9","0.0","0.0","0.0","387.7","US","CH","0405",
"1","China","6","0405","Butter, Fats, Milk","2017-2017","MT","0.0","4.0","0.0","0.0","85.6","10.1","0.0","0.0","3.1","4.5","284.9","3.3","395.6","US","CH","0405",
"1","China","6","0405","Butter, Fats, Milk","2018-2018","MT","1.6","1.5","0.7","0.0","1.5","3.3","1.7","2.4","20.4","13.7","0.5","0.0","47.2","US","CH","0405",
"1","China","6","0405","Butter, Fats, Milk","2019-2019","MT","11.3","0.0","0.0","0.0","0.0","0.0","0.0","0.0","242.8","0.0","0.0","0.0","254.1","US","CH","0405",
"1","China","6","0405","Butter, Fats, Milk","2020-2020","MT","0.0","0.0","0.0","0.0","112.8","56.7","390.0","0.0","0.0","0.0","0.0","0.3","559.8","US","CH","0405",
"1","China","6","0405","Butter, Fats, Milk","2021-2021","MT","0.0","0.5","17.6","267.8","776.6","0.0","133.3","1,048.1","1,275.6","96.0","300.0","0.0","3,915.4","US","CH","0405",
"1","China","6","0405","Butter, Fats, Milk","2022-2022","MT","39.7","60.8","11.4","0.0","29.6","35.0","5.3","110.2","37.6","19.1","37.6","0.0","386.3","US","CH","0405",
"1","China","6","0405","Butter, Fats, Milk","2023-2023","MT","36.3","36.3","257.2","1.5","0.0","17.7","1.9","0.0","8.7","17.3","0.0","17.3","394.2","US","CH","0405",
"1","China","6","0405","Butter, Fats, Milk","2024-2024","MT","0.0","18.0","0.0","8.7","9.2","8.7","8.5","48.5","32.6","22.1","92.0","23.3","271.5","US","CH","0405",
"1","China","6","0405","Butter, Fats, Milk","2025-2025","MT","33.1","11.6","16.2","11.6","8.7","19.4","18.0","10.6","26.7","18.7","8.7","8.7","191.9","US","CH","0405",
"Notes:"
"1. Data Source: U.S. Census Bureau Trade Data"
"2. Users should use cautious interpretation on QUANTITY reports using mixed units of measure. QUANTITY line items will only include statistics on the units of measure that are equal to, or are able to be converted to, the assigned unit of measure of the grouped commodities."
"3. Product Group : Harmonized"