"Data generated on Thursday, April 23, 2026 at 10:35:06 AM EST"
Area/Partners of Destination,,,,,January 2005 - December 2026
And Commodities Exported,,,,,Values in Thousands of dollars
,,,,,,January,February,March,April,May,June,July,August,September,October,November,December,Total,
,Partner,,HS Code,Product,Year,Value,Value,Value,Value,Value,Value,Value,Value,Value,Value,Value,Value,Value,Reporter Code,Partner Code,Product Code,
"1","China","1","0404","Whey, Natural Milk","2005-2005","1,855","2,926","4,674","4,399","2,838","1,733","1,675","2,251","2,520","2,281","2,296","1,968","31,416","US","CH","0404",
"1","China","1","0404","Whey, Natural Milk","2006-2006","2,051","3,527","5,947","5,318","4,221","4,607","3,617","2,494","4,079","3,414","4,603","5,501","49,378","US","CH","0404",
"1","China","1","0404","Whey, Natural Milk","2007-2007","4,707","7,092","10,040","6,941","9,907","5,048","2,811","5,051","4,385","10,101","8,760","8,699","83,541","US","CH","0404",
"1","China","1","0404","Whey, Natural Milk","2008-2008","5,704","7,488","5,352","6,994","4,221","5,171","7,990","8,055","6,775","5,689","7,378","6,028","76,846","US","CH","0404",
"1","China","1","0404","Whey, Natural Milk","2009-2009","3,049","4,366","6,738","5,233","6,425","4,813","4,953","5,697","7,354","6,840","6,446","9,058","70,971","US","CH","0404",
"1","China","1","0404","Whey, Natural Milk","2010-2010","9,036","9,819","10,085","11,570","11,838","6,649","6,497","7,359","8,922","9,265","9,117","14,015","114,171","US","CH","0404",
"1","China","1","0404","Whey, Natural Milk","2011-2011","10,008","6,510","11,940","9,062","13,587","12,197","14,176","17,914","14,875","20,156","27,438","17,730","175,591","US","CH","0404",
"1","China","1","0404","Whey, Natural Milk","2012-2012","11,520","11,706","15,847","14,614","16,182","13,344","13,056","14,666","18,149","15,934","14,525","15,756","175,300","US","CH","0404",
"1","China","1","0404","Whey, Natural Milk","2013-2013","17,361","11,078","12,740","18,171","19,720","23,726","25,971","26,603","18,956","21,655","21,645","23,608","241,234","US","CH","0404",
"1","China","1","0404","Whey, Natural Milk","2014-2014","20,117","17,255","26,200","24,687","25,374","23,521","26,414","21,250","17,100","21,909","16,197","16,312","256,337","US","CH","0404",
"1","China","1","0404","Whey, Natural Milk","2015-2015","11,274","8,570","13,085","18,295","17,874","15,363","13,609","10,268","11,460","12,636","11,947","12,081","156,463","US","CH","0404",
"1","China","1","0404","Whey, Natural Milk","2016-2016","10,188","10,897","9,699","9,882","13,795","14,654","14,160","15,622","13,951","15,847","19,370","21,179","169,243","US","CH","0404",
"1","China","1","0404","Whey, Natural Milk","2017-2017","17,989","22,419","22,397","21,757","23,450","22,570","21,248","19,564","16,399","17,031","20,231","21,020","246,074","US","CH","0404",
"1","China","1","0404","Whey, Natural Milk","2018-2018","17,941","16,906","21,944","21,502","19,311","16,302","15,044","11,906","9,365","10,867","10,953","11,984","184,025","US","CH","0404",
"1","China","1","0404","Whey, Natural Milk","2019-2019","9,481","8,327","11,486","9,748","9,690","11,612","9,492","7,745","10,710","5,925","11,538","10,030","115,784","US","CH","0404",
"1","China","1","0404","Whey, Natural Milk","2020-2020","12,669","10,074","11,013","15,457","17,591","19,208","17,590","19,942","18,319","23,012","18,552","22,723","206,152","US","CH","0404",
"1","China","1","0404","Whey, Natural Milk","2021-2021","19,724","22,465","24,693","24,710","27,117","26,690","26,873","26,138","22,385","20,189","17,687","12,755","271,427","US","CH","0404",
"1","China","1","0404","Whey, Natural Milk","2022-2022","13,631","17,677","22,325","21,965","27,570","27,898","28,015","33,388","29,663","24,841","36,055","23,293","306,324","US","CH","0404",
"1","China","1","0404","Whey, Natural Milk","2023-2023","21,374","18,740","21,507","18,512","17,757","15,823","14,919","16,101","17,929","15,804","17,623","14,024","210,115","US","CH","0404",
"1","China","1","0404","Whey, Natural Milk","2024-2024","15,978","17,741","16,789","18,049","18,299","18,532","16,207","22,425","20,478","20,199","17,910","19,227","221,836","US","CH","0404",
"1","China","1","0404","Whey, Natural Milk","2025-2025","25,003","21,167","23,288","12,304","5,299","21,069","16,364","18,316","16,951","20,416","19,927","19,716","219,820","US","CH","0404",
"1","China","1","0404","Whey, Natural Milk","2026-2026","15,352","","","","","","","","","","","","15,352","US","CH","0404",
"1","China","2","0406","Cheese And Curd","2005-2005","0","0","62","0","31","6","14","138","12","190","377","363","1,193","US","CH","0406",
"1","China","2","0406","Cheese And Curd","2006-2006","61","235","427","218","160","333","271","352","277","158","165","174","2,830","US","CH","0406",
"1","China","2","0406","Cheese And Curd","2007-2007","265","293","313","294","271","554","781","842","596","326","473","522","5,532","US","CH","0406",
"1","China","2","0406","Cheese And Curd","2008-2008","273","633","1,044","1,220","1,440","688","864","987","1,255","454","848","477","10,181","US","CH","0406",
"1","China","2","0406","Cheese And Curd","2009-2009","217","318","462","769","910","644","507","610","733","293","773","1,137","7,371","US","CH","0406",
"1","China","2","0406","Cheese And Curd","2010-2010","879","1,275","967","1,158","1,405","980","558","1,005","858","751","565","1,507","11,907","US","CH","0406",
"1","China","2","0406","Cheese And Curd","2011-2011","1,912","3,660","1,564","3,042","2,927","2,126","2,190","1,952","1,755","2,367","2,971","2,594","29,061","US","CH","0406",
"1","China","2","0406","Cheese And Curd","2012-2012","2,804","2,365","3,216","2,927","4,160","3,662","3,661","3,737","2,503","2,995","2,749","1,750","36,528","US","CH","0406",
"1","China","2","0406","Cheese And Curd","2013-2013","1,733","3,545","3,055","3,885","3,239","2,363","4,057","4,655","5,510","4,855","4,865","5,005","46,769","US","CH","0406",
"1","China","2","0406","Cheese And Curd","2014-2014","3,687","4,562","6,641","6,085","4,408","6,466","4,637","4,664","3,080","3,733","4,032","3,244","55,237","US","CH","0406",
"1","China","2","0406","Cheese And Curd","2015-2015","2,672","6,163","5,985","4,780","4,220","5,794","4,434","4,156","3,094","4,447","5,261","2,510","53,516","US","CH","0406",
"1","China","2","0406","Cheese And Curd","2016-2016","1,942","3,223","3,265","3,437","3,470","3,847","4,024","3,738","3,475","5,346","2,858","4,076","42,700","US","CH","0406",
"1","China","2","0406","Cheese And Curd","2017-2017","3,665","4,040","4,747","4,126","5,331","5,301","4,679","5,141","5,304","8,304","4,873","6,331","61,842","US","CH","0406",
"1","China","2","0406","Cheese And Curd","2018-2018","3,935","7,153","6,694","7,455","5,302","5,292","1,906","3,153","2,122","3,506","3,671","5,062","55,251","US","CH","0406",
"1","China","2","0406","Cheese And Curd","2019-2019","2,447","3,165","4,112","3,189","2,173","3,213","2,383","2,104","2,133","4,881","3,128","3,458","36,386","US","CH","0406",
"1","China","2","0406","Cheese And Curd","2020-2020","2,664","3,281","2,059","3,151","4,913","6,383","2,462","1,644","2,248","3,292","2,339","3,513","37,950","US","CH","0406",
"1","China","2","0406","Cheese And Curd","2021-2021","2,861","4,145","4,469","3,125","3,489","3,203","3,267","3,916","4,226","4,205","3,742","4,543","45,192","US","CH","0406",
"1","China","2","0406","Cheese And Curd","2022-2022","3,046","2,203","3,047","2,026","1,872","1,644","1,626","1,984","2,832","3,374","1,779","1,995","27,428","US","CH","0406",
"1","China","2","0406","Cheese And Curd","2023-2023","1,300","6,134","6,428","7,514","3,082","7,541","3,603","2,957","8,718","7,559","8,987","7,106","70,929","US","CH","0406",
"1","China","2","0406","Cheese And Curd","2024-2024","1,613","7,391","3,257","4,234","5,060","2,927","1,894","1,878","1,757","2,852","3,025","3,721","39,610","US","CH","0406",
"1","China","2","0406","Cheese And Curd","2025-2025","3,602","3,391","2,861","2,216","895","2,007","1,677","2,559","1,906","2,420","1,128","1,637","26,300","US","CH","0406",
"1","China","2","0406","Cheese And Curd","2026-2026","1,840","","","","","","","","","","","","1,840","US","CH","0406",
"1","China","3","0402","Milk Concentrated","2005-2005","754","2,643","331","847","196","281","461","387","591","0","254","0","6,746","US","CH","0402",
"1","China","3","0402","Milk Concentrated","2006-2006","19","1,695","2,000","3,251","4,431","2,779","3,627","3,468","1,119","2,739","863","24","26,015","US","CH","0402",
"1","China","3","0402","Milk Concentrated","2007-2007","292","281","76","55","392","2,655","873","1,405","1,415","1,796","6,089","7,803","23,133","US","CH","0402",
"1","China","3","0402","Milk Concentrated","2008-2008","11,810","8,173","8,148","5,082","6,043","1,211","4,300","1,979","225","369","214","38","47,594","US","CH","0402",
"1","China","3","0402","Milk Concentrated","2009-2009","3","0","10","713","2,036","1,209","766","854","697","3,385","1,863","798","12,335","US","CH","0402",
"1","China","3","0402","Milk Concentrated","2010-2010","40","2,130","3,133","4,881","4,887","2,861","2,956","722","4,961","3,609","2,713","7,626","40,519","US","CH","0402",
"1","China","3","0402","Milk Concentrated","2011-2011","3,039","1,960","1,272","4,834","5,743","2,738","5,398","3,381","9,160","4,409","6,264","1,193","49,392","US","CH","0402",
"1","China","3","0402","Milk Concentrated","2012-2012","6,075","2,539","2,613","7,266","6,368","8,403","2,093","3,190","1,751","1,497","1,254","2,535","45,584","US","CH","0402",
"1","China","3","0402","Milk Concentrated","2013-2013","1,530","1,386","3,018","12,234","22,457","30,136","23,665","36,874","35,674","27,930","23,200","25,387","243,489","US","CH","0402",
"1","China","3","0402","Milk Concentrated","2014-2014","9,741","20,147","36,870","12,992","25,969","16,796","16,190","23,306","11,923","5,165","5,185","3,214","187,499","US","CH","0402",
"1","China","3","0402","Milk Concentrated","2015-2015","3,092","5,523","8,675","9,615","15,345","6,352","5,078","8,648","2,813","3,591","4,792","4,087","77,610","US","CH","0402",
"1","China","3","0402","Milk Concentrated","2016-2016","2,790","4,108","2,737","3,443","4,593","3,365","5,552","4,193","2,046","2,949","4,231","7,809","47,814","US","CH","0402",
"1","China","3","0402","Milk Concentrated","2017-2017","5,024","7,906","10,797","8,310","8,718","6,253","6,767","10,856","9,876","9,671","6,436","6,028","96,642","US","CH","0402",
"1","China","3","0402","Milk Concentrated","2018-2018","1,030","6,335","12,057","13,269","13,930","10,082","3,082","4,330","1,553","1,237","2,111","1,572","70,587","US","CH","0402",
"1","China","3","0402","Milk Concentrated","2019-2019","1,195","1,920","981","1,206","1,914","1,707","2,230","1,004","1,566","1,824","9,156","5,857","30,561","US","CH","0402",
"1","China","3","0402","Milk Concentrated","2020-2020","1,090","1,890","666","2,941","9,904","9,300","4,750","14,500","7,806","10,485","7,364","4,730","75,426","US","CH","0402",
"1","China","3","0402","Milk Concentrated","2021-2021","4,802","6,332","13,994","13,743","17,119","19,040","22,392","16,187","18,941","7,955","8,197","9,897","158,601","US","CH","0402",
"1","China","3","0402","Milk Concentrated","2022-2022","10,980","15,735","12,900","17,502","16,335","21,242","24,188","17,439","15,923","13,223","15,953","16,001","197,421","US","CH","0402",
"1","China","3","0402","Milk Concentrated","2023-2023","9,130","7,345","7,188","7,356","6,048","3,466","3,676","3,727","5,649","3,578","3,103","2,201","62,467","US","CH","0402",
"1","China","3","0402","Milk Concentrated","2024-2024","2,508","2,084","3,816","2,430","3,967","1,888","2,726","2,254","3,251","3,163","2,294","3,429","33,809","US","CH","0402",
"1","China","3","0402","Milk Concentrated","2025-2025","1,148","1,452","1,647","1,110","866","1,376","946","1,112","693","1,966","790","1,096","14,205","US","CH","0402",
"1","China","3","0402","Milk Concentrated","2026-2026","915","","","","","","","","","","","","915","US","CH","0402",
"1","China","4","0401","Milk Not Concentrate","2006-2006","27","0","0","0","0","0","0","0","0","0","0","0","27","US","CH","0401",
"1","China","4","0401","Milk Not Concentrate","2007-2007","0","0","0","12","0","0","0","0","0","0","0","0","12","US","CH","0401",
"1","China","4","0401","Milk Not Concentrate","2008-2008","0","0","0","0","14","0","0","0","20","20","0","3","57","US","CH","0401",
"1","China","4","0401","Milk Not Concentrate","2009-2009","0","0","0","0","6","0","0","0","0","57","0","57","120","US","CH","0401",
"1","China","4","0401","Milk Not Concentrate","2010-2010","58","65","0","0","0","5","4","4","0","5","8","23","171","US","CH","0401",
"1","China","4","0401","Milk Not Concentrate","2011-2011","0","0","23","16","0","22","34","93","0","37","96","55","376","US","CH","0401",
"1","China","4","0401","Milk Not Concentrate","2012-2012","176","4","223","20","256","72","113","98","90","71","103","192","1,419","US","CH","0401",
"1","China","4","0401","Milk Not Concentrate","2013-2013","132","219","242","170","179","115","167","296","297","41","588","427","2,873","US","CH","0401",
"1","China","4","0401","Milk Not Concentrate","2014-2014","272","288","151","1,193","267","613","369","786","421","636","297","316","5,608","US","CH","0401",
"1","China","4","0401","Milk Not Concentrate","2015-2015","53","461","115","53","74","212","0","357","16","25","0","466","1,832","US","CH","0401",
"1","China","4","0401","Milk Not Concentrate","2016-2016","55","0","0","0","7","0","10","72","41","94","11","0","290","US","CH","0401",
"1","China","4","0401","Milk Not Concentrate","2017-2017","21","65","0","0","59","24","56","0","0","0","6","14","244","US","CH","0401",
"1","China","4","0401","Milk Not Concentrate","2018-2018","39","9","24","183","3","7","54","10","0","7","29","15","379","US","CH","0401",
"1","China","4","0401","Milk Not Concentrate","2019-2019","19","18","0","0","0","4","11","32","0","82","182","100","447","US","CH","0401",
"1","China","4","0401","Milk Not Concentrate","2020-2020","41","0","118","0","174","3","3","3","3","74","177","313","909","US","CH","0401",
"1","China","4","0401","Milk Not Concentrate","2021-2021","20","58","70","40","197","461","74","90","113","68","44","16","1,252","US","CH","0401",
"1","China","4","0401","Milk Not Concentrate","2022-2022","6","22","0","0","0","24","0","5","0","27","0","0","84","US","CH","0401",
"1","China","4","0401","Milk Not Concentrate","2023-2023","26","6","27","50","72","26","4","5","0","3","37","0","256","US","CH","0401",
"1","China","4","0401","Milk Not Concentrate","2024-2024","0","11","30","0","5","0","5","14","17","39","0","3","124","US","CH","0401",
"1","China","4","0401","Milk Not Concentrate","2025-2025","36","58","0","26","65","0","5","3","11","17","0","31","251","US","CH","0401",
"1","China","4","0401","Milk Not Concentrate","2026-2026","10","","","","","","","","","","","","10","US","CH","0401",
"1","China","5","0403","Buttermilk","2005-2005","0","6","0","0","14","33","216","8","23","0","0","21","322","US","CH","0403",
"1","China","5","0403","Buttermilk","2006-2006","26","46","0","42","92","422","400","35","4","7","33","6","1,114","US","CH","0403",
"1","China","5","0403","Buttermilk","2007-2007","61","73","0","30","119","14","6","152","76","0","49","7","588","US","CH","0403",
"1","China","5","0403","Buttermilk","2008-2008","56","0","0","59","8","53","59","5","8","46","74","0","367","US","CH","0403",
"1","China","5","0403","Buttermilk","2009-2009","63","3","60","8","23","27","7","62","17","13","6","58","348","US","CH","0403",
"1","China","5","0403","Buttermilk","2010-2010","6","31","8","222","237","114","56","362","6","12","104","165","1,322","US","CH","0403",
"1","China","5","0403","Buttermilk","2011-2011","3","81","348","298","70","721","1,412","709","1,985","1,775","1,178","1,176","9,756","US","CH","0403",
"1","China","5","0403","Buttermilk","2012-2012","1,638","2,218","1,041","1,299","3,134","27","455","735","455","68","491","73","11,633","US","CH","0403",
"1","China","5","0403","Buttermilk","2013-2013","43","62","17","17","6","953","508","24","0","110","33","56","1,830","US","CH","0403",
"1","China","5","0403","Buttermilk","2014-2014","402","100","399","479","294","44","57","209","28","104","83","6","2,204","US","CH","0403",
"1","China","5","0403","Buttermilk","2015-2015","103","255","396","95","88","305","53","209","693","135","131","112","2,575","US","CH","0403",
"1","China","5","0403","Buttermilk","2016-2016","146","163","263","242","209","31","144","102","91","118","0","86","1,595","US","CH","0403",
"1","China","5","0403","Buttermilk","2017-2017","30","114","23","154","112","105","59","82","118","47","91","119","1,053","US","CH","0403",
"1","China","5","0403","Buttermilk","2018-2018","10","211","96","323","247","97","204","178","43","243","117","91","1,860","US","CH","0403",
"1","China","5","0403","Buttermilk","2019-2019","326","224","48","240","284","417","173","426","258","541","101","10","3,048","US","CH","0403",
"1","China","5","0403","Buttermilk","2020-2020","51","269","3","60","321","124","387","289","26","153","23","189","1,895","US","CH","0403",
"1","China","5","0403","Buttermilk","2021-2021","191","140","163","143","140","264","26","74","28","97","232","80","1,578","US","CH","0403",
"1","China","5","0403","Buttermilk","2022-2022","82","101","231","41","156","57","38","18","3","0","12","0","739","US","CH","0403",
"1","China","5","0403","Buttermilk","2023-2023","0","0","182","77","24","42","10","30","48","98","141","0","651","US","CH","0403",
"1","China","5","0403","Buttermilk","2024-2024","0","34","27","70","14","0","20","17","0","0","39","44","266","US","CH","0403",
"1","China","5","0403","Buttermilk","2025-2025","21","0","39","0","0","39","3","16","0","20","7","20","164","US","CH","0403",
"1","China","6","0405","Butter, Fats, Milk","2005-2005","0","0","0","0","0","0","8","12","0","0","11","0","31","US","CH","0405",
"1","China","6","0405","Butter, Fats, Milk","2006-2006","10","5","8","0","5","14","77","0","6","24","21","8","178","US","CH","0405",
"1","China","6","0405","Butter, Fats, Milk","2007-2007","14","21","8","64","70","3","19","17","20","28","14","124","402","US","CH","0405",
"1","China","6","0405","Butter, Fats, Milk","2008-2008","216","78","124","135","92","5","69","0","16","74","40","22","872","US","CH","0405",
"1","China","6","0405","Butter, Fats, Milk","2009-2009","72","79","10","72","103","47","64","36","57","134","24","127","824","US","CH","0405",
"1","China","6","0405","Butter, Fats, Milk","2010-2010","14","87","118","83","232","71","88","24","168","50","77","205","1,217","US","CH","0405",
"1","China","6","0405","Butter, Fats, Milk","2011-2011","32","219","27","181","230","599","33","160","180","20","0","68","1,749","US","CH","0405",
"1","China","6","0405","Butter, Fats, Milk","2012-2012","0","209","69","0","134","114","114","85","79","140","0","17","961","US","CH","0405",
"1","China","6","0405","Butter, Fats, Milk","2013-2013","0","105","97","105","21","73","119","165","77","1,776","1,766","205","4,508","US","CH","0405",
"1","China","6","0405","Butter, Fats, Milk","2014-2014","1,872","951","794","773","0","1,342","1,463","226","0","139","0","5","7,565","US","CH","0405",
"1","China","6","0405","Butter, Fats, Milk","2015-2015","0","0","19","6","0","85","0","0","0","92","0","0","203","US","CH","0405",
"1","China","6","0405","Butter, Fats, Milk","2016-2016","13","17","0","12","37","138","1,153","0","48","0","0","0","1,418","US","CH","0405",
"1","China","6","0405","Butter, Fats, Milk","2017-2017","0","13","0","0","158","29","0","0","9","31","506","21","767","US","CH","0405",
"1","China","6","0405","Butter, Fats, Milk","2018-2018","10","9","4","0","9","20","10","15","36","37","3","0","155","US","CH","0405",
"1","China","6","0405","Butter, Fats, Milk","2019-2019","25","0","0","0","0","0","0","0","425","0","0","0","450","US","CH","0405",
"1","China","6","0405","Butter, Fats, Milk","2020-2020","0","0","0","0","546","275","1,806","0","0","0","0","6","2,632","US","CH","0405",
"1","China","6","0405","Butter, Fats, Milk","2021-2021","0","6","89","1,186","3,589","0","233","1,836","2,300","347","649","0","10,237","US","CH","0405",
"1","China","6","0405","Butter, Fats, Milk","2022-2022","87","107","65","0","65","75","12","233","83","83","83","0","892","US","CH","0405",
"1","China","6","0405","Butter, Fats, Milk","2023-2023","80","80","635","3","0","190","3","0","70","140","0","151","1,352","US","CH","0405",
"1","China","6","0405","Butter, Fats, Milk","2024-2024","0","202","0","82","88","84","72","549","394","241","180","191","2,083","US","CH","0405",
"1","China","6","0405","Butter, Fats, Milk","2025-2025","385","59","28","121","69","88","257","76","330","110","64","64","1,651","US","CH","0405",
"Notes:"
"1. Data Source: U.S. Census Bureau Trade Data"
"2. Product Group : Harmonized"