date,year,month_num,month,hs_code,product,dairy_qty(Ton),dairy_value(K usd),dairy_price(usd/kg)
1/1/05,2005,1,January,0402,Milk Concentrated,353,754,2.135977
1/1/05,2005,1,January,0403,Buttermilk,0,0,
1/1/05,2005,1,January,0404,"Whey, Natural Milk",3911.4,1855,0.474255
1/1/05,2005,1,January,0405,"Butter, Fats, Milk",0,0,
1/1/05,2005,1,January,0406,Cheese And Curd,0,0,
2/1/05,2005,2,February,0402,Milk Concentrated,1355.9,2643,1.949259
2/1/05,2005,2,February,0403,Buttermilk,1.4,6,4.285714
2/1/05,2005,2,February,0404,"Whey, Natural Milk",6287.3,2926,0.465383
2/1/05,2005,2,February,0405,"Butter, Fats, Milk",0,0,
2/1/05,2005,2,February,0406,Cheese And Curd,0,0,
3/1/05,2005,3,March,0402,Milk Concentrated,168.2,331,1.967895
3/1/05,2005,3,March,0403,Buttermilk,0,0,
3/1/05,2005,3,March,0404,"Whey, Natural Milk",8764.1,4674,0.533312
3/1/05,2005,3,March,0405,"Butter, Fats, Milk",0,0,
3/1/05,2005,3,March,0406,Cheese And Curd,11.4,62,5.438596
4/1/05,2005,4,April,0402,Milk Concentrated,447.1,847,1.894431
4/1/05,2005,4,April,0403,Buttermilk,0,0,
4/1/05,2005,4,April,0404,"Whey, Natural Milk",9341.6,4399,0.470904
4/1/05,2005,4,April,0405,"Butter, Fats, Milk",0,0,
4/1/05,2005,4,April,0406,Cheese And Curd,0,0,
5/1/05,2005,5,May,0402,Milk Concentrated,106.1,196,1.847314
5/1/05,2005,5,May,0403,Buttermilk,14.8,14,0.945946
5/1/05,2005,5,May,0404,"Whey, Natural Milk",6394.9,2838,0.443791
5/1/05,2005,5,May,0405,"Butter, Fats, Milk",0,0,
5/1/05,2005,5,May,0406,Cheese And Curd,4.1,31,7.560976
6/1/05,2005,6,June,0402,Milk Concentrated,149.4,281,1.880857
6/1/05,2005,6,June,0403,Buttermilk,4.7,33,7.021277
6/1/05,2005,6,June,0404,"Whey, Natural Milk",4004,1733,0.432817
6/1/05,2005,6,June,0405,"Butter, Fats, Milk",0,0,
6/1/05,2005,6,June,0406,Cheese And Curd,1,6,6
7/1/05,2005,7,July,0402,Milk Concentrated,209.3,461,2.20258
7/1/05,2005,7,July,0403,Buttermilk,195.6,216,1.104294
7/1/05,2005,7,July,0404,"Whey, Natural Milk",4413.4,1675,0.379526
7/1/05,2005,7,July,0405,"Butter, Fats, Milk",12.5,8,0.64
7/1/05,2005,7,July,0406,Cheese And Curd,4.1,14,3.414634
8/1/05,2005,8,August,0402,Milk Concentrated,190,387,2.036842
8/1/05,2005,8,August,0403,Buttermilk,7.7,8,1.038961
8/1/05,2005,8,August,0404,"Whey, Natural Milk",5379.1,2251,0.418471
8/1/05,2005,8,August,0405,"Butter, Fats, Milk",4.5,12,2.666667
8/1/05,2005,8,August,0406,Cheese And Curd,24.4,138,5.655738
9/1/05,2005,9,September,0402,Milk Concentrated,275.5,591,2.145191
9/1/05,2005,9,September,0403,Buttermilk,20.6,23,1.116505
9/1/05,2005,9,September,0404,"Whey, Natural Milk",6086.4,2520,0.414038
9/1/05,2005,9,September,0405,"Butter, Fats, Milk",0,0,
9/1/05,2005,9,September,0406,Cheese And Curd,7.4,12,1.621622
10/1/05,2005,10,October,0402,Milk Concentrated,0,0,
10/1/05,2005,10,October,0403,Buttermilk,0,0,
10/1/05,2005,10,October,0404,"Whey, Natural Milk",4625.4,2281,0.493147
10/1/05,2005,10,October,0405,"Butter, Fats, Milk",0,0,
10/1/05,2005,10,October,0406,Cheese And Curd,52.6,190,3.612167
11/1/05,2005,11,November,0402,Milk Concentrated,155.7,254,1.631342
11/1/05,2005,11,November,0403,Buttermilk,0,0,
11/1/05,2005,11,November,0404,"Whey, Natural Milk",4534,2296,0.506396
11/1/05,2005,11,November,0405,"Butter, Fats, Milk",4.5,11,2.444444
11/1/05,2005,11,November,0406,Cheese And Curd,69.3,377,5.440115
12/1/05,2005,12,December,0402,Milk Concentrated,0,0,
12/1/05,2005,12,December,0403,Buttermilk,16.6,21,1.26506
12/1/05,2005,12,December,0404,"Whey, Natural Milk",4508.5,1968,0.436509
12/1/05,2005,12,December,0405,"Butter, Fats, Milk",0,0,
12/1/05,2005,12,December,0406,Cheese And Curd,83.1,363,4.368231
1/1/06,2006,1,January,0401,Milk Not Concentrate,36999,27,0.00073
1/1/06,2006,1,January,0402,Milk Concentrated,19.4,19,0.979381
1/1/06,2006,1,January,0403,Buttermilk,16,26,1.625
1/1/06,2006,1,January,0404,"Whey, Natural Milk",3694,2051,0.555225
1/1/06,2006,1,January,0405,"Butter, Fats, Milk",3.5,10,2.857143
1/1/06,2006,1,January,0406,Cheese And Curd,10.9,61,5.59633
2/1/06,2006,2,February,0401,Milk Not Concentrate,0,0,
2/1/06,2006,2,February,0402,Milk Concentrated,800,1695,2.11875
2/1/06,2006,2,February,0403,Buttermilk,37.4,46,1.229947
2/1/06,2006,2,February,0404,"Whey, Natural Milk",6039.4,3527,0.583998
2/1/06,2006,2,February,0405,"Butter, Fats, Milk",5.7,5,0.877193
2/1/06,2006,2,February,0406,Cheese And Curd,111.2,235,2.113309
3/1/06,2006,3,March,0401,Milk Not Concentrate,0,0,
3/1/06,2006,3,March,0402,Milk Concentrated,1000,2000,2
3/1/06,2006,3,March,0403,Buttermilk,0,0,
3/1/06,2006,3,March,0404,"Whey, Natural Milk",8593.6,5947,0.692027
3/1/06,2006,3,March,0405,"Butter, Fats, Milk",3,8,2.666667
3/1/06,2006,3,March,0406,Cheese And Curd,228.3,427,1.870346
4/1/06,2006,4,April,0401,Milk Not Concentrate,0,0,
4/1/06,2006,4,April,0402,Milk Concentrated,1620.1,3251,2.006666
4/1/06,2006,4,April,0403,Buttermilk,13.5,42,3.111111
4/1/06,2006,4,April,0404,"Whey, Natural Milk",7818.3,5318,0.680199
4/1/06,2006,4,April,0405,"Butter, Fats, Milk",0,0,
4/1/06,2006,4,April,0406,Cheese And Curd,130.8,218,1.666667
5/1/06,2006,5,May,0401,Milk Not Concentrate,0,0,
5/1/06,2006,5,May,0402,Milk Concentrated,2185.5,4431,2.027454
5/1/06,2006,5,May,0403,Buttermilk,0,92,inf
5/1/06,2006,5,May,0404,"Whey, Natural Milk",6004.5,4221,0.702973
5/1/06,2006,5,May,0405,"Butter, Fats, Milk",1.7,5,2.941176
5/1/06,2006,5,May,0406,Cheese And Curd,62.4,160,2.564103
6/1/06,2006,6,June,0401,Milk Not Concentrate,0,0,
6/1/06,2006,6,June,0402,Milk Concentrated,1357.5,2779,2.047145
6/1/06,2006,6,June,0403,Buttermilk,30.1,422,14.019934
6/1/06,2006,6,June,0404,"Whey, Natural Milk",4876,4607,0.944832
6/1/06,2006,6,June,0405,"Butter, Fats, Milk",6.5,14,2.153846
6/1/06,2006,6,June,0406,Cheese And Curd,126.9,333,2.624113
7/1/06,2006,7,July,0401,Milk Not Concentrate,0,0,
7/1/06,2006,7,July,0402,Milk Concentrated,1841.2,3627,1.969911
7/1/06,2006,7,July,0403,Buttermilk,23.4,400,17.094017
7/1/06,2006,7,July,0404,"Whey, Natural Milk",5117,3617,0.706859
7/1/06,2006,7,July,0405,"Butter, Fats, Milk",49.2,77,1.565041
7/1/06,2006,7,July,0406,Cheese And Curd,111.7,271,2.426141
8/1/06,2006,8,August,0401,Milk Not Concentrate,0,0,
8/1/06,2006,8,August,0402,Milk Concentrated,1726.4,3468,2.008804
8/1/06,2006,8,August,0403,Buttermilk,16.4,35,2.134146
8/1/06,2006,8,August,0404,"Whey, Natural Milk",3210.6,2494,0.776802
8/1/06,2006,8,August,0405,"Butter, Fats, Milk",0,0,
8/1/06,2006,8,August,0406,Cheese And Curd,153.4,352,2.294654
9/1/06,2006,9,September,0401,Milk Not Concentrate,0,0,
9/1/06,2006,9,September,0402,Milk Concentrated,603,1119,1.855721
9/1/06,2006,9,September,0403,Buttermilk,1.7,4,2.352941
9/1/06,2006,9,September,0404,"Whey, Natural Milk",5105.7,4079,0.798911
9/1/06,2006,9,September,0405,"Butter, Fats, Milk",2.1,6,2.857143
9/1/06,2006,9,September,0406,Cheese And Curd,111.3,277,2.488769
10/1/06,2006,10,October,0401,Milk Not Concentrate,0,0,
10/1/06,2006,10,October,0402,Milk Concentrated,1509.3,2739,1.814749
10/1/06,2006,10,October,0403,Buttermilk,3.5,7,2
10/1/06,2006,10,October,0404,"Whey, Natural Milk",4002.6,3414,0.852946
10/1/06,2006,10,October,0405,"Butter, Fats, Milk",17.9,24,1.340782
10/1/06,2006,10,October,0406,Cheese And Curd,88.2,158,1.791383
11/1/06,2006,11,November,0401,Milk Not Concentrate,0,0,
11/1/06,2006,11,November,0402,Milk Concentrated,426.4,863,2.023921
11/1/06,2006,11,November,0403,Buttermilk,15.5,33,2.129032
11/1/06,2006,11,November,0404,"Whey, Natural Milk",3476.5,4603,1.324033
11/1/06,2006,11,November,0405,"Butter, Fats, Milk",15.7,21,1.33758
11/1/06,2006,11,November,0406,Cheese And Curd,37.2,165,4.435484
12/1/06,2006,12,December,0401,Milk Not Concentrate,0,0,
12/1/06,2006,12,December,0402,Milk Concentrated,11.7,24,2.051282
12/1/06,2006,12,December,0403,Buttermilk,2.9,6,2.068966
12/1/06,2006,12,December,0404,"Whey, Natural Milk",4563.5,5501,1.205434
12/1/06,2006,12,December,0405,"Butter, Fats, Milk",2.8,8,2.857143
12/1/06,2006,12,December,0406,Cheese And Curd,41.1,174,4.233577
1/1/07,2007,1,January,0401,Milk Not Concentrate,0,0,
1/1/07,2007,1,January,0402,Milk Concentrated,120.2,292,2.429285
1/1/07,2007,1,January,0403,Buttermilk,28.3,61,2.155477
1/1/07,2007,1,January,0404,"Whey, Natural Milk",3434.6,4707,1.370465
1/1/07,2007,1,January,0405,"Butter, Fats, Milk",13.3,14,1.052632
1/1/07,2007,1,January,0406,Cheese And Curd,73.9,265,3.585927
2/1/07,2007,2,February,0401,Milk Not Concentrate,0,0,
2/1/07,2007,2,February,0402,Milk Concentrated,128.8,281,2.181677
2/1/07,2007,2,February,0403,Buttermilk,7.6,73,9.605263
2/1/07,2007,2,February,0404,"Whey, Natural Milk",4813.7,7092,1.473295
2/1/07,2007,2,February,0405,"Butter, Fats, Milk",15.5,21,1.354839
2/1/07,2007,2,February,0406,Cheese And Curd,78.4,293,3.737245
3/1/07,2007,3,March,0401,Milk Not Concentrate,0,0,
3/1/07,2007,3,March,0402,Milk Concentrated,37.2,76,2.043011
3/1/07,2007,3,March,0403,Buttermilk,0,0,
3/1/07,2007,3,March,0404,"Whey, Natural Milk",7102.6,10040,1.413567
3/1/07,2007,3,March,0405,"Butter, Fats, Milk",2.6,8,3.076923
3/1/07,2007,3,March,0406,Cheese And Curd,75.3,313,4.156707
4/1/07,2007,4,April,0401,Milk Not Concentrate,15534,12,0.000772
4/1/07,2007,4,April,0402,Milk Concentrated,21.5,55,2.55814
4/1/07,2007,4,April,0403,Buttermilk,1.7,30,17.647059
4/1/07,2007,4,April,0404,"Whey, Natural Milk",4742.3,6941,1.463636
4/1/07,2007,4,April,0405,"Butter, Fats, Milk",35.4,64,1.80791
4/1/07,2007,4,April,0406,Cheese And Curd,71.3,294,4.123422
5/1/07,2007,5,May,0401,Milk Not Concentrate,0,0,
5/1/07,2007,5,May,0402,Milk Concentrated,192,392,2.041667
5/1/07,2007,5,May,0403,Buttermilk,25.4,119,4.685039
5/1/07,2007,5,May,0404,"Whey, Natural Milk",6132.2,9907,1.61557
5/1/07,2007,5,May,0405,"Butter, Fats, Milk",28.6,70,2.447552
5/1/07,2007,5,May,0406,Cheese And Curd,63.2,271,4.287975
6/1/07,2007,6,June,0401,Milk Not Concentrate,0,0,
6/1/07,2007,6,June,0402,Milk Concentrated,629.3,2655,4.218973
6/1/07,2007,6,June,0403,Buttermilk,4.6,14,3.043478
6/1/07,2007,6,June,0404,"Whey, Natural Milk",3092,5048,1.6326
6/1/07,2007,6,June,0405,"Butter, Fats, Milk",1,3,3
6/1/07,2007,6,June,0406,Cheese And Curd,120.7,554,4.589892
7/1/07,2007,7,July,0401,Milk Not Concentrate,0,0,
7/1/07,2007,7,July,0402,Milk Concentrated,210.7,873,4.143332
7/1/07,2007,7,July,0403,Buttermilk,2.8,6,2.142857
7/1/07,2007,7,July,0404,"Whey, Natural Milk",1587.6,2811,1.770597
7/1/07,2007,7,July,0405,"Butter, Fats, Milk",5.4,19,3.518519
7/1/07,2007,7,July,0406,Cheese And Curd,180.6,781,4.324474
8/1/07,2007,8,August,0401,Milk Not Concentrate,0,0,
8/1/07,2007,8,August,0402,Milk Concentrated,354.7,1405,3.961094
8/1/07,2007,8,August,0403,Buttermilk,21.6,152,7.037037
8/1/07,2007,8,August,0404,"Whey, Natural Milk",3694.5,5051,1.367167
8/1/07,2007,8,August,0405,"Butter, Fats, Milk",4.8,17,3.541667
8/1/07,2007,8,August,0406,Cheese And Curd,162.5,842,5.181538
9/1/07,2007,9,September,0401,Milk Not Concentrate,0,0,
9/1/07,2007,9,September,0402,Milk Concentrated,1239.3,1415,1.141774
9/1/07,2007,9,September,0403,Buttermilk,6.5,76,11.692308
9/1/07,2007,9,September,0404,"Whey, Natural Milk",3835.2,4385,1.143356
9/1/07,2007,9,September,0405,"Butter, Fats, Milk",8.9,20,2.247191
9/1/07,2007,9,September,0406,Cheese And Curd,115.2,596,5.173611
10/1/07,2007,10,October,0401,Milk Not Concentrate,0,0,
10/1/07,2007,10,October,0402,Milk Concentrated,453.1,1796,3.963805
10/1/07,2007,10,October,0403,Buttermilk,0,0,
10/1/07,2007,10,October,0404,"Whey, Natural Milk",7763.7,10101,1.301055
10/1/07,2007,10,October,0405,"Butter, Fats, Milk",11.8,28,2.372881
10/1/07,2007,10,October,0406,Cheese And Curd,70.2,326,4.643875
11/1/07,2007,11,November,0401,Milk Not Concentrate,0,0,
11/1/07,2007,11,November,0402,Milk Concentrated,1461,6089,4.167693
11/1/07,2007,11,November,0403,Buttermilk,20.7,49,2.36715
11/1/07,2007,11,November,0404,"Whey, Natural Milk",6763.9,8760,1.295111
11/1/07,2007,11,November,0405,"Butter, Fats, Milk",5.1,14,2.745098
11/1/07,2007,11,November,0406,Cheese And Curd,94.4,473,5.010593
12/1/07,2007,12,December,0401,Milk Not Concentrate,0,0,
12/1/07,2007,12,December,0402,Milk Concentrated,1876.7,7803,4.15783
12/1/07,2007,12,December,0403,Buttermilk,0,7,inf
12/1/07,2007,12,December,0404,"Whey, Natural Milk",7461,8699,1.16593
12/1/07,2007,12,December,0405,"Butter, Fats, Milk",56.5,124,2.19469
12/1/07,2007,12,December,0406,Cheese And Curd,99.7,522,5.235707
1/1/08,2008,1,January,0401,Milk Not Concentrate,0,0,
1/1/08,2008,1,January,0402,Milk Concentrated,2868,11810,4.117852
1/1/08,2008,1,January,0403,Buttermilk,26.6,56,2.105263
1/1/08,2008,1,January,0404,"Whey, Natural Milk",4372.4,5704,1.304547
1/1/08,2008,1,January,0405,"Butter, Fats, Milk",60.2,216,3.58804
1/1/08,2008,1,January,0406,Cheese And Curd,51.9,273,5.260116
2/1/08,2008,2,February,0401,Milk Not Concentrate,0,0,
2/1/08,2008,2,February,0402,Milk Concentrated,2310.3,8173,3.537636
2/1/08,2008,2,February,0403,Buttermilk,0,0,
2/1/08,2008,2,February,0404,"Whey, Natural Milk",4967.2,7488,1.507489
2/1/08,2008,2,February,0405,"Butter, Fats, Milk",23.9,78,3.263598
2/1/08,2008,2,February,0406,Cheese And Curd,117.4,633,5.391823
3/1/08,2008,3,March,0401,Milk Not Concentrate,0,0,
3/1/08,2008,3,March,0402,Milk Concentrated,2240.6,8148,3.636526
3/1/08,2008,3,March,0403,Buttermilk,0,0,
3/1/08,2008,3,March,0404,"Whey, Natural Milk",6172,5352,0.867142
3/1/08,2008,3,March,0405,"Butter, Fats, Milk",57.5,124,2.156522
3/1/08,2008,3,March,0406,Cheese And Curd,210.1,1044,4.969062
4/1/08,2008,4,April,0401,Milk Not Concentrate,0,0,
4/1/08,2008,4,April,0402,Milk Concentrated,1416,5082,3.588983
4/1/08,2008,4,April,0403,Buttermilk,24.8,59,2.379032
4/1/08,2008,4,April,0404,"Whey, Natural Milk",5225.3,6994,1.338488
4/1/08,2008,4,April,0405,"Butter, Fats, Milk",39,135,3.461538
4/1/08,2008,4,April,0406,Cheese And Curd,243.5,1220,5.010267
5/1/08,2008,5,May,0401,Milk Not Concentrate,17380,14,0.000806
5/1/08,2008,5,May,0402,Milk Concentrated,1907.4,6043,3.168187
5/1/08,2008,5,May,0403,Buttermilk,3.6,8,2.222222
5/1/08,2008,5,May,0404,"Whey, Natural Milk",3713.5,4221,1.136664
5/1/08,2008,5,May,0405,"Butter, Fats, Milk",29.9,92,3.076923
5/1/08,2008,5,May,0406,Cheese And Curd,289,1440,4.982699
6/1/08,2008,6,June,0401,Milk Not Concentrate,0,0,
6/1/08,2008,6,June,0402,Milk Concentrated,458.9,1211,2.638919
6/1/08,2008,6,June,0403,Buttermilk,25.1,53,2.111554
6/1/08,2008,6,June,0404,"Whey, Natural Milk",5316.7,5171,0.972596
6/1/08,2008,6,June,0405,"Butter, Fats, Milk",1.8,5,2.777778
6/1/08,2008,6,June,0406,Cheese And Curd,134,688,5.134328
7/1/08,2008,7,July,0401,Milk Not Concentrate,0,0,
7/1/08,2008,7,July,0402,Milk Concentrated,1135.4,4300,3.787212
7/1/08,2008,7,July,0403,Buttermilk,27.6,59,2.137681
7/1/08,2008,7,July,0404,"Whey, Natural Milk",7163.7,7990,1.115345
7/1/08,2008,7,July,0405,"Butter, Fats, Milk",23.9,69,2.887029
7/1/08,2008,7,July,0406,Cheese And Curd,165.7,864,5.214243
8/1/08,2008,8,August,0401,Milk Not Concentrate,0,0,
8/1/08,2008,8,August,0402,Milk Concentrated,786.8,1979,2.515252
8/1/08,2008,8,August,0403,Buttermilk,2.1,5,2.380952
8/1/08,2008,8,August,0404,"Whey, Natural Milk",7090.5,8055,1.136027
8/1/08,2008,8,August,0405,"Butter, Fats, Milk",0,0,
8/1/08,2008,8,August,0406,Cheese And Curd,197,987,5.010152
9/1/08,2008,9,September,0401,Milk Not Concentrate,25097,20,0.000797
9/1/08,2008,9,September,0402,Milk Concentrated,69.1,225,3.256151
9/1/08,2008,9,September,0403,Buttermilk,1.3,8,6.153846
9/1/08,2008,9,September,0404,"Whey, Natural Milk",6784.3,6775,0.998629
9/1/08,2008,9,September,0405,"Butter, Fats, Milk",5.4,16,2.962963
9/1/08,2008,9,September,0406,Cheese And Curd,241.6,1255,5.194536
10/1/08,2008,10,October,0401,Milk Not Concentrate,25097,20,0.000797
10/1/08,2008,10,October,0402,Milk Concentrated,145.1,369,2.543074
10/1/08,2008,10,October,0403,Buttermilk,1.3,46,35.384615
10/1/08,2008,10,October,0404,"Whey, Natural Milk",6995.2,5689,0.813272
10/1/08,2008,10,October,0405,"Butter, Fats, Milk",19.6,74,3.77551
10/1/08,2008,10,October,0406,Cheese And Curd,84.5,454,5.372781
11/1/08,2008,11,November,0401,Milk Not Concentrate,0,0,
11/1/08,2008,11,November,0402,Milk Concentrated,50.5,214,4.237624
11/1/08,2008,11,November,0403,Buttermilk,24.7,74,2.995951
11/1/08,2008,11,November,0404,"Whey, Natural Milk",8283.5,7378,0.890686
11/1/08,2008,11,November,0405,"Butter, Fats, Milk",9.7,40,4.123711
11/1/08,2008,11,November,0406,Cheese And Curd,175.4,848,4.834664
12/1/08,2008,12,December,0401,Milk Not Concentrate,2385,3,0.001258
12/1/08,2008,12,December,0402,Milk Concentrated,12.9,38,2.945736
12/1/08,2008,12,December,0403,Buttermilk,0,0,
12/1/08,2008,12,December,0404,"Whey, Natural Milk",6576.9,6028,0.916541
12/1/08,2008,12,December,0405,"Butter, Fats, Milk",7.6,22,2.894737
12/1/08,2008,12,December,0406,Cheese And Curd,118.4,477,4.028716
1/1/09,2009,1,January,0401,Milk Not Concentrate,0,0,
1/1/09,2009,1,January,0402,Milk Concentrated,1.1,3,2.727273
1/1/09,2009,1,January,0403,Buttermilk,27.3,63,2.307692
1/1/09,2009,1,January,0404,"Whey, Natural Milk",4089.8,3049,0.745513
1/1/09,2009,1,January,0405,"Butter, Fats, Milk",24.5,72,2.938776
1/1/09,2009,1,January,0406,Cheese And Curd,39.3,217,5.521628
2/1/09,2009,2,February,0401,Milk Not Concentrate,0,0,
2/1/09,2009,2,February,0402,Milk Concentrated,0,0,
2/1/09,2009,2,February,0403,Buttermilk,0.5,3,6
2/1/09,2009,2,February,0404,"Whey, Natural Milk",7174.4,4366,0.608553
2/1/09,2009,2,February,0405,"Butter, Fats, Milk",23.8,79,3.319328
2/1/09,2009,2,February,0406,Cheese And Curd,87.3,318,3.642612
3/1/09,2009,3,March,0401,Milk Not Concentrate,0,0,
3/1/09,2009,3,March,0402,Milk Concentrated,1.1,10,9.090909
3/1/09,2009,3,March,0403,Buttermilk,28.4,60,2.112676
3/1/09,2009,3,March,0404,"Whey, Natural Milk",11345,6738,0.593918
3/1/09,2009,3,March,0405,"Butter, Fats, Milk",3.5,10,2.857143
3/1/09,2009,3,March,0406,Cheese And Curd,129.2,462,3.575851
4/1/09,2009,4,April,0401,Milk Not Concentrate,0,0,
4/1/09,2009,4,April,0402,Milk Concentrated,399.5,713,1.784731
4/1/09,2009,4,April,0403,Buttermilk,0,8,inf
4/1/09,2009,4,April,0404,"Whey, Natural Milk",6765.5,5233,0.773483
4/1/09,2009,4,April,0405,"Butter, Fats, Milk",27.7,72,2.599278
4/1/09,2009,4,April,0406,Cheese And Curd,193.5,769,3.97416
5/1/09,2009,5,May,0401,Milk Not Concentrate,5969,6,0.001005
5/1/09,2009,5,May,0402,Milk Concentrated,1102.8,2036,1.84621
5/1/09,2009,5,May,0403,Buttermilk,5.3,23,4.339623
5/1/09,2009,5,May,0404,"Whey, Natural Milk",7933.7,6425,0.809837
5/1/09,2009,5,May,0405,"Butter, Fats, Milk",29.2,103,3.527397
5/1/09,2009,5,May,0406,Cheese And Curd,250.2,910,3.63709
6/1/09,2009,6,June,0401,Milk Not Concentrate,0,0,
6/1/09,2009,6,June,0402,Milk Concentrated,642.3,1209,1.882298
6/1/09,2009,6,June,0403,Buttermilk,1,27,27
6/1/09,2009,6,June,0404,"Whey, Natural Milk",8234.1,4813,0.58452
6/1/09,2009,6,June,0405,"Butter, Fats, Milk",18.9,47,2.486772
6/1/09,2009,6,June,0406,Cheese And Curd,174.6,644,3.688431
7/1/09,2009,7,July,0401,Milk Not Concentrate,0,0,
7/1/09,2009,7,July,0402,Milk Concentrated,406.2,766,1.885771
7/1/09,2009,7,July,0403,Buttermilk,1.7,7,4.117647
7/1/09,2009,7,July,0404,"Whey, Natural Milk",5654.7,4953,0.875909
7/1/09,2009,7,July,0405,"Butter, Fats, Milk",20,64,3.2
7/1/09,2009,7,July,0406,Cheese And Curd,131.8,507,3.846737
8/1/09,2009,8,August,0401,Milk Not Concentrate,0,0,
8/1/09,2009,8,August,0402,Milk Concentrated,436.4,854,1.95692
8/1/09,2009,8,August,0403,Buttermilk,27.8,62,2.230216
8/1/09,2009,8,August,0404,"Whey, Natural Milk",6872,5697,0.829016
8/1/09,2009,8,August,0405,"Butter, Fats, Milk",11.4,36,3.157895
8/1/09,2009,8,August,0406,Cheese And Curd,183.6,610,3.32244
9/1/09,2009,9,September,0401,Milk Not Concentrate,0,0,
9/1/09,2009,9,September,0402,Milk Concentrated,379.8,697,1.835176
9/1/09,2009,9,September,0403,Buttermilk,2.4,17,7.083333
9/1/09,2009,9,September,0404,"Whey, Natural Milk",7113,7354,1.033882
9/1/09,2009,9,September,0405,"Butter, Fats, Milk",16.6,57,3.433735
9/1/09,2009,9,September,0406,Cheese And Curd,206.1,733,3.556526
10/1/09,2009,10,October,0401,Milk Not Concentrate,71597,57,0.000796
10/1/09,2009,10,October,0402,Milk Concentrated,1599.7,3385,2.116022
10/1/09,2009,10,October,0403,Buttermilk,3.6,13,3.611111
10/1/09,2009,10,October,0404,"Whey, Natural Milk",9675,6840,0.706977
10/1/09,2009,10,October,0405,"Butter, Fats, Milk",50.2,134,2.669323
10/1/09,2009,10,October,0406,Cheese And Curd,76,293,3.855263
11/1/09,2009,11,November,0401,Milk Not Concentrate,0,0,
11/1/09,2009,11,November,0402,Milk Concentrated,809.2,1863,2.302274
11/1/09,2009,11,November,0403,Buttermilk,1.4,6,4.285714
11/1/09,2009,11,November,0404,"Whey, Natural Milk",8797.4,6446,0.732716
11/1/09,2009,11,November,0405,"Butter, Fats, Milk",6.4,24,3.75
11/1/09,2009,11,November,0406,Cheese And Curd,194,773,3.984536
12/1/09,2009,12,December,0401,Milk Not Concentrate,71855,57,0.000793
12/1/09,2009,12,December,0402,Milk Concentrated,241.9,798,3.298884
12/1/09,2009,12,December,0403,Buttermilk,25.8,58,2.248062
12/1/09,2009,12,December,0404,"Whey, Natural Milk",10030.3,9058,0.903064
12/1/09,2009,12,December,0405,"Butter, Fats, Milk",34.7,127,3.659942
12/1/09,2009,12,December,0406,Cheese And Curd,270.1,1137,4.209552
1/1/10,2010,1,January,0401,Milk Not Concentrate,73029,58,0.000794
1/1/10,2010,1,January,0402,Milk Concentrated,43.7,40,0.915332
1/1/10,2010,1,January,0403,Buttermilk,1.3,6,4.615385
1/1/10,2010,1,January,0404,"Whey, Natural Milk",9939.1,9036,0.909137
1/1/10,2010,1,January,0405,"Butter, Fats, Milk",3.7,14,3.783784
1/1/10,2010,1,January,0406,Cheese And Curd,207.2,879,4.242278
2/1/10,2010,2,February,0401,Milk Not Concentrate,81238,65,0.0008
2/1/10,2010,2,February,0402,Milk Concentrated,890,2130,2.393258
2/1/10,2010,2,February,0403,Buttermilk,13.1,31,2.366412
2/1/10,2010,2,February,0404,"Whey, Natural Milk",10175.9,9819,0.964927
2/1/10,2010,2,February,0405,"Butter, Fats, Milk",35.2,87,2.471591
2/1/10,2010,2,February,0406,Cheese And Curd,319.8,1275,3.986867
3/1/10,2010,3,March,0401,Milk Not Concentrate,0,0,
3/1/10,2010,3,March,0402,Milk Concentrated,1205.4,3133,2.599137
3/1/10,2010,3,March,0403,Buttermilk,1,8,8
3/1/10,2010,3,March,0404,"Whey, Natural Milk",10520,10085,0.95865
3/1/10,2010,3,March,0405,"Butter, Fats, Milk",30.1,118,3.920266
3/1/10,2010,3,March,0406,Cheese And Curd,233.5,967,4.141328
4/1/10,2010,4,April,0401,Milk Not Concentrate,0,0,
4/1/10,2010,4,April,0402,Milk Concentrated,1997.2,4881,2.443921
4/1/10,2010,4,April,0403,Buttermilk,66.3,222,3.348416
4/1/10,2010,4,April,0404,"Whey, Natural Milk",12599.5,11570,0.91829
4/1/10,2010,4,April,0405,"Butter, Fats, Milk",22.8,83,3.640351
4/1/10,2010,4,April,0406,Cheese And Curd,317.5,1158,3.647244
5/1/10,2010,5,May,0401,Milk Not Concentrate,0,0,
5/1/10,2010,5,May,0402,Milk Concentrated,1870.3,4887,2.61295
5/1/10,2010,5,May,0403,Buttermilk,28.2,237,8.404255
5/1/10,2010,5,May,0404,"Whey, Natural Milk",12273.2,11838,0.964541
5/1/10,2010,5,May,0405,"Butter, Fats, Milk",81.5,232,2.846626
5/1/10,2010,5,May,0406,Cheese And Curd,338.4,1405,4.151891
6/1/10,2010,6,June,0401,Milk Not Concentrate,5116,5,0.000977
6/1/10,2010,6,June,0402,Milk Concentrated,1154,2861,2.479203
6/1/10,2010,6,June,0403,Buttermilk,31,114,3.677419
6/1/10,2010,6,June,0404,"Whey, Natural Milk",7465.9,6649,0.890583
6/1/10,2010,6,June,0405,"Butter, Fats, Milk",19.3,71,3.678756
6/1/10,2010,6,June,0406,Cheese And Curd,241.3,980,4.061334
7/1/10,2010,7,July,0401,Milk Not Concentrate,4674,4,0.000856
7/1/10,2010,7,July,0402,Milk Concentrated,1096.8,2956,2.695113
7/1/10,2010,7,July,0403,Buttermilk,2.6,56,21.538462
7/1/10,2010,7,July,0404,"Whey, Natural Milk",5132.9,6497,1.265756
7/1/10,2010,7,July,0405,"Butter, Fats, Milk",43.3,88,2.032333
7/1/10,2010,7,July,0406,Cheese And Curd,136,558,4.102941
8/1/10,2010,8,August,0401,Milk Not Concentrate,4421,4,0.000905
8/1/10,2010,8,August,0402,Milk Concentrated,250.6,722,2.881085
8/1/10,2010,8,August,0403,Buttermilk,0,362,inf
8/1/10,2010,8,August,0404,"Whey, Natural Milk",9715.8,7359,0.757426
8/1/10,2010,8,August,0405,"Butter, Fats, Milk",6,24,4
8/1/10,2010,8,August,0406,Cheese And Curd,247.6,1005,4.058966
9/1/10,2010,9,September,0401,Milk Not Concentrate,0,0,
9/1/10,2010,9,September,0402,Milk Concentrated,1819.2,4961,2.727023
9/1/10,2010,9,September,0403,Buttermilk,1.2,6,5
9/1/10,2010,9,September,0404,"Whey, Natural Milk",12542.9,8922,0.711319
9/1/10,2010,9,September,0405,"Butter, Fats, Milk",35.5,168,4.732394
9/1/10,2010,9,September,0406,Cheese And Curd,208.4,858,4.117083
10/1/10,2010,10,October,0401,Milk Not Concentrate,6096,5,0.00082
10/1/10,2010,10,October,0402,Milk Concentrated,1449.6,3609,2.489652
10/1/10,2010,10,October,0403,Buttermilk,2.9,12,4.137931
10/1/10,2010,10,October,0404,"Whey, Natural Milk",12725.4,9265,0.728071
10/1/10,2010,10,October,0405,"Butter, Fats, Milk",13.6,50,3.676471
10/1/10,2010,10,October,0406,Cheese And Curd,157.7,751,4.762207
11/1/10,2010,11,November,0401,Milk Not Concentrate,8176,8,0.000978
11/1/10,2010,11,November,0402,Milk Concentrated,949.4,2713,2.857594
11/1/10,2010,11,November,0403,Buttermilk,44.2,104,2.352941
11/1/10,2010,11,November,0404,"Whey, Natural Milk",12135.9,9117,0.751242
11/1/10,2010,11,November,0405,"Butter, Fats, Milk",36,77,2.138889
11/1/10,2010,11,November,0406,Cheese And Curd,129.4,565,4.366306
12/1/10,2010,12,December,0401,Milk Not Concentrate,24435,23,0.000941
12/1/10,2010,12,December,0402,Milk Concentrated,2792.9,7626,2.730495
12/1/10,2010,12,December,0403,Buttermilk,1.3,165,126.923077
12/1/10,2010,12,December,0404,"Whey, Natural Milk",13798.3,14015,1.015705
12/1/10,2010,12,December,0405,"Butter, Fats, Milk",53.7,205,3.817505
12/1/10,2010,12,December,0406,Cheese And Curd,329.4,1507,4.574985
1/1/11,2011,1,January,0401,Milk Not Concentrate,0,0,
1/1/11,2011,1,January,0402,Milk Concentrated,1102.3,3039,2.756963
1/1/11,2011,1,January,0403,Buttermilk,0.3,3,10
1/1/11,2011,1,January,0404,"Whey, Natural Milk",10466.9,10008,0.956157
1/1/11,2011,1,January,0405,"Butter, Fats, Milk",8,32,4
1/1/11,2011,1,January,0406,Cheese And Curd,518.9,1912,3.684718
2/1/11,2011,2,February,0401,Milk Not Concentrate,0,0,
2/1/11,2011,2,February,0402,Milk Concentrated,671,1960,2.921013
2/1/11,2011,2,February,0403,Buttermilk,32.4,81,2.5
2/1/11,2011,2,February,0404,"Whey, Natural Milk",8110.3,6510,0.802683
2/1/11,2011,2,February,0405,"Butter, Fats, Milk",43.7,219,5.011442
2/1/11,2011,2,February,0406,Cheese And Curd,924.4,3660,3.959325
3/1/11,2011,3,March,0401,Milk Not Concentrate,28695,23,0.000802
3/1/11,2011,3,March,0402,Milk Concentrated,460,1272,2.765217
3/1/11,2011,3,March,0403,Buttermilk,1.6,348,217.5
3/1/11,2011,3,March,0404,"Whey, Natural Milk",11013.3,11940,1.084144
3/1/11,2011,3,March,0405,"Butter, Fats, Milk",6.3,27,4.285714
3/1/11,2011,3,March,0406,Cheese And Curd,353,1564,4.430595
4/1/11,2011,4,April,0401,Milk Not Concentrate,20228,16,0.000791
4/1/11,2011,4,April,0402,Milk Concentrated,1481.5,4834,3.262909
4/1/11,2011,4,April,0403,Buttermilk,3.1,298,96.129032
4/1/11,2011,4,April,0404,"Whey, Natural Milk",10027.7,9062,0.903697
4/1/11,2011,4,April,0405,"Butter, Fats, Milk",89.2,181,2.029148
4/1/11,2011,4,April,0406,Cheese And Curd,714.5,3042,4.257523
5/1/11,2011,5,May,0401,Milk Not Concentrate,0,0,
5/1/11,2011,5,May,0402,Milk Concentrated,1777.8,5743,3.230397
5/1/11,2011,5,May,0403,Buttermilk,30.9,70,2.265372
5/1/11,2011,5,May,0404,"Whey, Natural Milk",12841.3,13587,1.05807
5/1/11,2011,5,May,0405,"Butter, Fats, Milk",93.9,230,2.449414
5/1/11,2011,5,May,0406,Cheese And Curd,716.1,2927,4.087418
6/1/11,2011,6,June,0401,Milk Not Concentrate,24785,22,0.000888
6/1/11,2011,6,June,0402,Milk Concentrated,789.4,2738,3.468457
6/1/11,2011,6,June,0403,Buttermilk,1.9,721,379.473684
6/1/11,2011,6,June,0404,"Whey, Natural Milk",11511.6,12197,1.05954
6/1/11,2011,6,June,0405,"Butter, Fats, Milk",107.9,599,5.551437
6/1/11,2011,6,June,0406,Cheese And Curd,513.4,2126,4.141021
7/1/11,2011,7,July,0401,Milk Not Concentrate,42827,34,0.000794
7/1/11,2011,7,July,0402,Milk Concentrated,1610.8,5398,3.35113
7/1/11,2011,7,July,0403,Buttermilk,17.3,1412,81.618497
7/1/11,2011,7,July,0404,"Whey, Natural Milk",12769.3,14176,1.110163
7/1/11,2011,7,July,0405,"Butter, Fats, Milk",8.4,33,3.928571
7/1/11,2011,7,July,0406,Cheese And Curd,490.5,2190,4.464832
8/1/11,2011,8,August,0401,Milk Not Concentrate,115733,93,0.000804
8/1/11,2011,8,August,0402,Milk Concentrated,1011.4,3381,3.342891
8/1/11,2011,8,August,0403,Buttermilk,4.7,709,150.851064
8/1/11,2011,8,August,0404,"Whey, Natural Milk",15921.5,17914,1.125145
8/1/11,2011,8,August,0405,"Butter, Fats, Milk",31.2,160,5.128205
8/1/11,2011,8,August,0406,Cheese And Curd,381.8,1952,5.112624
9/1/11,2011,9,September,0401,Milk Not Concentrate,0,0,
9/1/11,2011,9,September,0402,Milk Concentrated,2743.3,9160,3.339044
9/1/11,2011,9,September,0403,Buttermilk,5.9,1985,336.440678
9/1/11,2011,9,September,0404,"Whey, Natural Milk",11308.1,14875,1.315429
9/1/11,2011,9,September,0405,"Butter, Fats, Milk",70.5,180,2.553191
9/1/11,2011,9,September,0406,Cheese And Curd,338.2,1755,5.189237
10/1/11,2011,10,October,0401,Milk Not Concentrate,47372,37,0.000781
10/1/11,2011,10,October,0402,Milk Concentrated,1335.2,4409,3.302127
10/1/11,2011,10,October,0403,Buttermilk,0.9,1775,1972.222222
10/1/11,2011,10,October,0404,"Whey, Natural Milk",14378.6,20156,1.401805
10/1/11,2011,10,October,0405,"Butter, Fats, Milk",5.4,20,3.703704
10/1/11,2011,10,October,0406,Cheese And Curd,492.9,2367,4.802191
11/1/11,2011,11,November,0401,Milk Not Concentrate,85792,96,0.001119
11/1/11,2011,11,November,0402,Milk Concentrated,1880.8,6264,3.330498
11/1/11,2011,11,November,0403,Buttermilk,4,1178,294.5
11/1/11,2011,11,November,0404,"Whey, Natural Milk",19916.9,27438,1.377624
11/1/11,2011,11,November,0405,"Butter, Fats, Milk",0,0,
11/1/11,2011,11,November,0406,Cheese And Curd,663.3,2971,4.47912
12/1/11,2011,12,December,0401,Milk Not Concentrate,65070,55,0.000845
12/1/11,2011,12,December,0402,Milk Concentrated,390.1,1193,3.05819
12/1/11,2011,12,December,0403,Buttermilk,0,1176,inf
12/1/11,2011,12,December,0404,"Whey, Natural Milk",13948.3,17730,1.271123
12/1/11,2011,12,December,0405,"Butter, Fats, Milk",38.9,68,1.748072
12/1/11,2011,12,December,0406,Cheese And Curd,570.6,2594,4.546092
1/1/12,2012,1,January,0401,Milk Not Concentrate,179462,176,0.000981
1/1/12,2012,1,January,0402,Milk Concentrated,1831.7,6075,3.316591
1/1/12,2012,1,January,0403,Buttermilk,11.6,1638,141.206897
1/1/12,2012,1,January,0404,"Whey, Natural Milk",8671.8,11520,1.328444
1/1/12,2012,1,January,0405,"Butter, Fats, Milk",0,0,
1/1/12,2012,1,January,0406,Cheese And Curd,690.7,2804,4.05965
2/1/12,2012,2,February,0401,Milk Not Concentrate,1608,4,0.002488
2/1/12,2012,2,February,0402,Milk Concentrated,760.7,2539,3.337715
2/1/12,2012,2,February,0403,Buttermilk,0.8,2218,2772.5
2/1/12,2012,2,February,0404,"Whey, Natural Milk",9069.1,11706,1.290757
2/1/12,2012,2,February,0405,"Butter, Fats, Milk",38.1,209,5.485564
2/1/12,2012,2,February,0406,Cheese And Curd,550.1,2365,4.299218
3/1/12,2012,3,March,0401,Milk Not Concentrate,209986,223,0.001062
3/1/12,2012,3,March,0402,Milk Concentrated,774.1,2613,3.375533
3/1/12,2012,3,March,0403,Buttermilk,1.1,1041,946.363636
3/1/12,2012,3,March,0404,"Whey, Natural Milk",13197,15847,1.200803
3/1/12,2012,3,March,0405,"Butter, Fats, Milk",19,69,3.631579
3/1/12,2012,3,March,0406,Cheese And Curd,794.9,3216,4.045792
4/1/12,2012,4,April,0401,Milk Not Concentrate,26718,20,0.000749
4/1/12,2012,4,April,0402,Milk Concentrated,2688.5,7266,2.702622
4/1/12,2012,4,April,0403,Buttermilk,16.3,1299,79.693252
4/1/12,2012,4,April,0404,"Whey, Natural Milk",11454.9,14614,1.275786
4/1/12,2012,4,April,0405,"Butter, Fats, Milk",0,0,
4/1/12,2012,4,April,0406,Cheese And Curd,691.7,2927,4.231603
5/1/12,2012,5,May,0401,Milk Not Concentrate,246128,256,0.00104
5/1/12,2012,5,May,0402,Milk Concentrated,2195.2,6368,2.900875
5/1/12,2012,5,May,0403,Buttermilk,17.7,3134,177.062147
5/1/12,2012,5,May,0404,"Whey, Natural Milk",14609.6,16182,1.107628
5/1/12,2012,5,May,0405,"Butter, Fats, Milk",37.4,134,3.582888
5/1/12,2012,5,May,0406,Cheese And Curd,1024.9,4160,4.058933
6/1/12,2012,6,June,0401,Milk Not Concentrate,83979,72,0.000857
6/1/12,2012,6,June,0402,Milk Concentrated,3500.4,8403,2.400583
6/1/12,2012,6,June,0403,Buttermilk,15,27,1.8
6/1/12,2012,6,June,0404,"Whey, Natural Milk",13408.2,13344,0.995212
6/1/12,2012,6,June,0405,"Butter, Fats, Milk",28.8,114,3.958333
6/1/12,2012,6,June,0406,Cheese And Curd,904.6,3662,4.048198
7/1/12,2012,7,July,0401,Milk Not Concentrate,141773,113,0.000797
7/1/12,2012,7,July,0402,Milk Concentrated,672.5,2093,3.112268
7/1/12,2012,7,July,0403,Buttermilk,0.7,455,650
7/1/12,2012,7,July,0404,"Whey, Natural Milk",14143.8,13056,0.92309
7/1/12,2012,7,July,0405,"Butter, Fats, Milk",19.4,114,5.876289
7/1/12,2012,7,July,0406,Cheese And Curd,909.4,3661,4.025731
8/1/12,2012,8,August,0401,Milk Not Concentrate,120575,98,0.000813
8/1/12,2012,8,August,0402,Milk Concentrated,1313.2,3190,2.429181
8/1/12,2012,8,August,0403,Buttermilk,4.8,735,153.125
8/1/12,2012,8,August,0404,"Whey, Natural Milk",14036.5,14666,1.044847
8/1/12,2012,8,August,0405,"Butter, Fats, Milk",48.3,85,1.759834
8/1/12,2012,8,August,0406,Cheese And Curd,947.6,3737,3.943647
9/1/12,2012,9,September,0401,Milk Not Concentrate,94887,90,0.000948
9/1/12,2012,9,September,0402,Milk Concentrated,775.4,1751,2.258189
9/1/12,2012,9,September,0403,Buttermilk,1.2,455,379.166667
9/1/12,2012,9,September,0404,"Whey, Natural Milk",17154.8,18149,1.057955
9/1/12,2012,9,September,0405,"Butter, Fats, Milk",14,79,5.642857
9/1/12,2012,9,September,0406,Cheese And Curd,584.9,2503,4.279364
10/1/12,2012,10,October,0401,Milk Not Concentrate,77572,71,0.000915
10/1/12,2012,10,October,0402,Milk Concentrated,1149,1497,1.302872
10/1/12,2012,10,October,0403,Buttermilk,20.8,68,3.269231
10/1/12,2012,10,October,0404,"Whey, Natural Milk",14460.5,15934,1.101898
10/1/12,2012,10,October,0405,"Butter, Fats, Milk",25.7,140,5.447471
10/1/12,2012,10,October,0406,Cheese And Curd,698,2995,4.290831
11/1/12,2012,11,November,0401,Milk Not Concentrate,90370,103,0.00114
11/1/12,2012,11,November,0402,Milk Concentrated,892,1254,1.40583
11/1/12,2012,11,November,0403,Buttermilk,5.8,491,84.655172
11/1/12,2012,11,November,0404,"Whey, Natural Milk",12020.8,14525,1.208322
11/1/12,2012,11,November,0405,"Butter, Fats, Milk",0,0,
11/1/12,2012,11,November,0406,Cheese And Curd,619.3,2749,4.438883
12/1/12,2012,12,December,0401,Milk Not Concentrate,135848,192,0.001413
12/1/12,2012,12,December,0402,Milk Concentrated,1478.5,2535,1.714576
12/1/12,2012,12,December,0403,Buttermilk,0.4,73,182.5
12/1/12,2012,12,December,0404,"Whey, Natural Milk",12330.6,15756,1.277797
12/1/12,2012,12,December,0405,"Butter, Fats, Milk",9.8,17,1.734694
12/1/12,2012,12,December,0406,Cheese And Curd,382.1,1750,4.579953
1/1/13,2013,1,January,0401,Milk Not Concentrate,72000,132,0.001833
1/1/13,2013,1,January,0402,Milk Concentrated,706.5,1530,2.165605
1/1/13,2013,1,January,0403,Buttermilk,0.4,43,107.5
1/1/13,2013,1,January,0404,"Whey, Natural Milk",13446.1,17361,1.291155
1/1/13,2013,1,January,0405,"Butter, Fats, Milk",0,0,
1/1/13,2013,1,January,0406,Cheese And Curd,414.6,1733,4.179932
2/1/13,2013,2,February,0401,Milk Not Concentrate,133496,219,0.00164
2/1/13,2013,2,February,0402,Milk Concentrated,650.8,1386,2.129687
2/1/13,2013,2,February,0403,Buttermilk,0,62,inf
2/1/13,2013,2,February,0404,"Whey, Natural Milk",10043.1,11078,1.103046
2/1/13,2013,2,February,0405,"Butter, Fats, Milk",19.4,105,5.412371
2/1/13,2013,2,February,0406,Cheese And Curd,937,3545,3.783351
3/1/13,2013,3,March,0401,Milk Not Concentrate,171667,242,0.00141
3/1/13,2013,3,March,0402,Milk Concentrated,1122.6,3018,2.688402
3/1/13,2013,3,March,0403,Buttermilk,0,17,inf
3/1/13,2013,3,March,0404,"Whey, Natural Milk",11958.5,12740,1.065351
3/1/13,2013,3,March,0405,"Butter, Fats, Milk",20.1,97,4.825871
3/1/13,2013,3,March,0406,Cheese And Curd,779.3,3055,3.920185
4/1/13,2013,4,April,0401,Milk Not Concentrate,189788,170,0.000896
4/1/13,2013,4,April,0402,Milk Concentrated,4926.9,12234,2.483103
4/1/13,2013,4,April,0403,Buttermilk,8.2,17,2.073171
4/1/13,2013,4,April,0404,"Whey, Natural Milk",15654.1,18171,1.160782
4/1/13,2013,4,April,0405,"Butter, Fats, Milk",20.1,105,5.223881
4/1/13,2013,4,April,0406,Cheese And Curd,951.9,3885,4.081311
5/1/13,2013,5,May,0401,Milk Not Concentrate,131918,179,0.001357
5/1/13,2013,5,May,0402,Milk Concentrated,6781.3,22457,3.311607
5/1/13,2013,5,May,0403,Buttermilk,0.9,6,6.666667
5/1/13,2013,5,May,0404,"Whey, Natural Milk",17569.6,19720,1.122393
5/1/13,2013,5,May,0405,"Butter, Fats, Milk",11.7,21,1.794872
5/1/13,2013,5,May,0406,Cheese And Curd,787.9,3239,4.110928
6/1/13,2013,6,June,0401,Milk Not Concentrate,90417,115,0.001272
6/1/13,2013,6,June,0402,Milk Concentrated,8792.1,30136,3.427623
6/1/13,2013,6,June,0403,Buttermilk,0,953,inf
6/1/13,2013,6,June,0404,"Whey, Natural Milk",20104.4,23726,1.18014
6/1/13,2013,6,June,0405,"Butter, Fats, Milk",19.4,73,3.762887
6/1/13,2013,6,June,0406,Cheese And Curd,505.4,2363,4.675505
7/1/13,2013,7,July,0401,Milk Not Concentrate,113393,167,0.001473
7/1/13,2013,7,July,0402,Milk Concentrated,7030.3,23665,3.366144
7/1/13,2013,7,July,0403,Buttermilk,34.7,508,14.639769
7/1/13,2013,7,July,0404,"Whey, Natural Milk",18899,25971,1.3742
7/1/13,2013,7,July,0405,"Butter, Fats, Milk",21.1,119,5.63981
7/1/13,2013,7,July,0406,Cheese And Curd,903.5,4057,4.490315
8/1/13,2013,8,August,0401,Milk Not Concentrate,205227,296,0.001442
8/1/13,2013,8,August,0402,Milk Concentrated,10255.3,36874,3.595604
8/1/13,2013,8,August,0403,Buttermilk,10.1,24,2.376238
8/1/13,2013,8,August,0404,"Whey, Natural Milk",19481.9,26603,1.365524
8/1/13,2013,8,August,0405,"Butter, Fats, Milk",30,165,5.5
8/1/13,2013,8,August,0406,Cheese And Curd,1158.7,4655,4.017433
9/1/13,2013,9,September,0401,Milk Not Concentrate,205542,297,0.001445
9/1/13,2013,9,September,0402,Milk Concentrated,9611.2,35674,3.711711
9/1/13,2013,9,September,0403,Buttermilk,0,0,
9/1/13,2013,9,September,0404,"Whey, Natural Milk",13760.3,18956,1.377586
9/1/13,2013,9,September,0405,"Butter, Fats, Milk",19.2,77,4.010417
9/1/13,2013,9,September,0406,Cheese And Curd,1360.5,5510,4.049982
10/1/13,2013,10,October,0401,Milk Not Concentrate,31084,41,0.001319
10/1/13,2013,10,October,0402,Milk Concentrated,7801.2,27930,3.580218
10/1/13,2013,10,October,0403,Buttermilk,20.8,110,5.288462
10/1/13,2013,10,October,0404,"Whey, Natural Milk",14688,21655,1.474333
10/1/13,2013,10,October,0405,"Butter, Fats, Milk",387.5,1776,4.583226
10/1/13,2013,10,October,0406,Cheese And Curd,1149.8,4855,4.222473
11/1/13,2013,11,November,0401,Milk Not Concentrate,678953,588,0.000866
11/1/13,2013,11,November,0402,Milk Concentrated,5937.8,23200,3.907171
11/1/13,2013,11,November,0403,Buttermilk,19.1,33,1.727749
11/1/13,2013,11,November,0404,"Whey, Natural Milk",13429.4,21645,1.611762
11/1/13,2013,11,November,0405,"Butter, Fats, Milk",357.2,1766,4.944009
11/1/13,2013,11,November,0406,Cheese And Curd,1158.8,4865,4.198309
12/1/13,2013,12,December,0401,Milk Not Concentrate,370164,427,0.001154
12/1/13,2013,12,December,0402,Milk Concentrated,6820.5,25387,3.722161
12/1/13,2013,12,December,0403,Buttermilk,26.2,56,2.137405
12/1/13,2013,12,December,0404,"Whey, Natural Milk",14045,23608,1.680883
12/1/13,2013,12,December,0405,"Butter, Fats, Milk",40,205,5.125
12/1/13,2013,12,December,0406,Cheese And Curd,1235.8,5005,4.050008
1/1/14,2014,1,January,0401,Milk Not Concentrate,244736,272,0.001111
1/1/14,2014,1,January,0402,Milk Concentrated,3144.3,9741,3.097987
1/1/14,2014,1,January,0403,Buttermilk,31.3,402,12.84345
1/1/14,2014,1,January,0404,"Whey, Natural Milk",11312.6,20117,1.778283
1/1/14,2014,1,January,0405,"Butter, Fats, Milk",397.7,1872,4.707066
1/1/14,2014,1,January,0406,Cheese And Curd,830.4,3687,4.440029
2/1/14,2014,2,February,0401,Milk Not Concentrate,292950,288,0.000983
2/1/14,2014,2,February,0402,Milk Concentrated,4846.4,20147,4.157106
2/1/14,2014,2,February,0403,Buttermilk,21.1,100,4.739336
2/1/14,2014,2,February,0404,"Whey, Natural Milk",14085,17255,1.225062
2/1/14,2014,2,February,0405,"Butter, Fats, Milk",223.9,951,4.247432
2/1/14,2014,2,February,0406,Cheese And Curd,1001.7,4562,4.554258
3/1/14,2014,3,March,0401,Milk Not Concentrate,169010,151,0.000893
3/1/14,2014,3,March,0402,Milk Concentrated,9637.5,36870,3.825681
3/1/14,2014,3,March,0403,Buttermilk,59.4,399,6.717172
3/1/14,2014,3,March,0404,"Whey, Natural Milk",19138.3,26200,1.368983
3/1/14,2014,3,March,0405,"Butter, Fats, Milk",158.1,794,5.022138
3/1/14,2014,3,March,0406,Cheese And Curd,1508.1,6641,4.403554
4/1/14,2014,4,April,0401,Milk Not Concentrate,897860,1193,0.001329
4/1/14,2014,4,April,0402,Milk Concentrated,4120.8,12992,3.152786
4/1/14,2014,4,April,0403,Buttermilk,20.8,479,23.028846
4/1/14,2014,4,April,0404,"Whey, Natural Milk",17874.4,24687,1.381137
4/1/14,2014,4,April,0405,"Butter, Fats, Milk",157.3,773,4.914177
4/1/14,2014,4,April,0406,Cheese And Curd,1340.5,6085,4.539351
5/1/14,2014,5,May,0401,Milk Not Concentrate,267297,267,0.000999
5/1/14,2014,5,May,0402,Milk Concentrated,7709.5,25969,3.368442
5/1/14,2014,5,May,0403,Buttermilk,82.7,294,3.555018
5/1/14,2014,5,May,0404,"Whey, Natural Milk",16717.1,25374,1.517847
5/1/14,2014,5,May,0405,"Butter, Fats, Milk",0,0,
5/1/14,2014,5,May,0406,Cheese And Curd,917.8,4408,4.802789
6/1/14,2014,6,June,0401,Milk Not Concentrate,430748,613,0.001423
6/1/14,2014,6,June,0402,Milk Concentrated,5608.3,16796,2.994847
6/1/14,2014,6,June,0403,Buttermilk,1.4,44,31.428571
6/1/14,2014,6,June,0404,"Whey, Natural Milk",16446.3,23521,1.43017
6/1/14,2014,6,June,0405,"Butter, Fats, Milk",766.1,1342,1.75173
6/1/14,2014,6,June,0406,Cheese And Curd,1443.9,6466,4.478149
7/1/14,2014,7,July,0401,Milk Not Concentrate,356863,369,0.001034
7/1/14,2014,7,July,0402,Milk Concentrated,4652.8,16190,3.479625
7/1/14,2014,7,July,0403,Buttermilk,27.6,57,2.065217
7/1/14,2014,7,July,0404,"Whey, Natural Milk",17711.7,26414,1.491331
7/1/14,2014,7,July,0405,"Butter, Fats, Milk",835.2,1463,1.751676
7/1/14,2014,7,July,0406,Cheese And Curd,1015.6,4637,4.565774
8/1/14,2014,8,August,0401,Milk Not Concentrate,590219,786,0.001332
8/1/14,2014,8,August,0402,Milk Concentrated,6515.1,23306,3.577228
8/1/14,2014,8,August,0403,Buttermilk,41.1,209,5.085158
8/1/14,2014,8,August,0404,"Whey, Natural Milk",16031.7,21250,1.325499
8/1/14,2014,8,August,0405,"Butter, Fats, Milk",128.8,226,1.754658
8/1/14,2014,8,August,0406,Cheese And Curd,1040.1,4664,4.484184
9/1/14,2014,9,September,0401,Milk Not Concentrate,307213,421,0.00137
9/1/14,2014,9,September,0402,Milk Concentrated,3742,11923,3.186264
9/1/14,2014,9,September,0403,Buttermilk,1,28,28
9/1/14,2014,9,September,0404,"Whey, Natural Milk",10889.5,17100,1.57032
9/1/14,2014,9,September,0405,"Butter, Fats, Milk",0,0,
9/1/14,2014,9,September,0406,Cheese And Curd,682.5,3080,4.512821
10/1/14,2014,10,October,0401,Milk Not Concentrate,528174,636,0.001204
10/1/14,2014,10,October,0402,Milk Concentrated,2614.7,5165,1.97537
10/1/14,2014,10,October,0403,Buttermilk,33.1,104,3.141994
10/1/14,2014,10,October,0404,"Whey, Natural Milk",15611.3,21909,1.403407
10/1/14,2014,10,October,0405,"Butter, Fats, Milk",21.1,139,6.587678
10/1/14,2014,10,October,0406,Cheese And Curd,734,3733,5.085831
11/1/14,2014,11,November,0401,Milk Not Concentrate,184630,297,0.001609
11/1/14,2014,11,November,0402,Milk Concentrated,1952.2,5185,2.655978
11/1/14,2014,11,November,0403,Buttermilk,14.9,83,5.57047
11/1/14,2014,11,November,0404,"Whey, Natural Milk",13934.3,16197,1.162383
11/1/14,2014,11,November,0405,"Butter, Fats, Milk",0,0,
11/1/14,2014,11,November,0406,Cheese And Curd,780.7,4032,5.164596
12/1/14,2014,12,December,0401,Milk Not Concentrate,241319,316,0.001309
12/1/14,2014,12,December,0402,Milk Concentrated,2382,3214,1.349286
12/1/14,2014,12,December,0403,Buttermilk,1.9,6,3.157895
12/1/14,2014,12,December,0404,"Whey, Natural Milk",13508.6,16312,1.207527
12/1/14,2014,12,December,0405,"Butter, Fats, Milk",0.9,5,5.555556
12/1/14,2014,12,December,0406,Cheese And Curd,618.3,3244,5.246644
1/1/15,2015,1,January,0401,Milk Not Concentrate,52516,53,0.001009
1/1/15,2015,1,January,0402,Milk Concentrated,1934.4,3092,1.598428
1/1/15,2015,1,January,0403,Buttermilk,7.3,103,14.109589
1/1/15,2015,1,January,0404,"Whey, Natural Milk",9019.5,11274,1.249958
1/1/15,2015,1,January,0405,"Butter, Fats, Milk",0,0,
1/1/15,2015,1,January,0406,Cheese And Curd,567.9,2672,4.705054
2/1/15,2015,2,February,0401,Milk Not Concentrate,305576,461,0.001509
2/1/15,2015,2,February,0402,Milk Concentrated,2964.2,5523,1.863235
2/1/15,2015,2,February,0403,Buttermilk,26.8,255,9.514925
2/1/15,2015,2,February,0404,"Whey, Natural Milk",8440.7,8570,1.015319
2/1/15,2015,2,February,0405,"Butter, Fats, Milk",0,0,
2/1/15,2015,2,February,0406,Cheese And Curd,1468,6163,4.198229
3/1/15,2015,3,March,0401,Milk Not Concentrate,89128,115,0.00129
3/1/15,2015,3,March,0402,Milk Concentrated,3881.8,8675,2.234788
3/1/15,2015,3,March,0403,Buttermilk,94.9,396,4.172813
3/1/15,2015,3,March,0404,"Whey, Natural Milk",14304.1,13085,0.914773
3/1/15,2015,3,March,0405,"Butter, Fats, Milk",8.8,19,2.159091
3/1/15,2015,3,March,0406,Cheese And Curd,1417.9,5985,4.221031
4/1/15,2015,4,April,0401,Milk Not Concentrate,52545,53,0.001009
4/1/15,2015,4,April,0402,Milk Concentrated,4056.7,9615,2.370153
4/1/15,2015,4,April,0403,Buttermilk,27.2,95,3.492647
4/1/15,2015,4,April,0404,"Whey, Natural Milk",17635.1,18295,1.03742
4/1/15,2015,4,April,0405,"Butter, Fats, Milk",1.1,6,5.454545
4/1/15,2015,4,April,0406,Cheese And Curd,1125.1,4780,4.248511
5/1/15,2015,5,May,0401,Milk Not Concentrate,69008,74,0.001072
5/1/15,2015,5,May,0402,Milk Concentrated,6275,15345,2.445418
5/1/15,2015,5,May,0403,Buttermilk,14,88,6.285714
5/1/15,2015,5,May,0404,"Whey, Natural Milk",19378.2,17874,0.922377
5/1/15,2015,5,May,0405,"Butter, Fats, Milk",0,0,
5/1/15,2015,5,May,0406,Cheese And Curd,1014.3,4220,4.160505
6/1/15,2015,6,June,0401,Milk Not Concentrate,202362,212,0.001048
6/1/15,2015,6,June,0402,Milk Concentrated,2338.6,6352,2.716155
6/1/15,2015,6,June,0403,Buttermilk,26.3,305,11.596958
6/1/15,2015,6,June,0404,"Whey, Natural Milk",15279.5,15363,1.005465
6/1/15,2015,6,June,0405,"Butter, Fats, Milk",48.7,85,1.74538
6/1/15,2015,6,June,0406,Cheese And Curd,1262.4,5794,4.58967
7/1/15,2015,7,July,0401,Milk Not Concentrate,0,0,
7/1/15,2015,7,July,0402,Milk Concentrated,2135.1,5078,2.378343
7/1/15,2015,7,July,0403,Buttermilk,1.6,53,33.125
7/1/15,2015,7,July,0404,"Whey, Natural Milk",15370,13609,0.885426
7/1/15,2015,7,July,0405,"Butter, Fats, Milk",0,0,
7/1/15,2015,7,July,0406,Cheese And Curd,1021.2,4434,4.341951
8/1/15,2015,8,August,0401,Milk Not Concentrate,191658,357,0.001863
8/1/15,2015,8,August,0402,Milk Concentrated,3091.1,8648,2.79771
8/1/15,2015,8,August,0403,Buttermilk,38.6,209,5.414508
8/1/15,2015,8,August,0404,"Whey, Natural Milk",10218.3,10268,1.004864
8/1/15,2015,8,August,0405,"Butter, Fats, Milk",0,0,
8/1/15,2015,8,August,0406,Cheese And Curd,935.6,4156,4.442069
9/1/15,2015,9,September,0401,Milk Not Concentrate,8100,16,0.001975
9/1/15,2015,9,September,0402,Milk Concentrated,1082.1,2813,2.599575
9/1/15,2015,9,September,0403,Buttermilk,152.5,693,4.544262
9/1/15,2015,9,September,0404,"Whey, Natural Milk",13198.9,11460,0.868254
9/1/15,2015,9,September,0405,"Butter, Fats, Milk",0,0,
9/1/15,2015,9,September,0406,Cheese And Curd,695.4,3094,4.449238
10/1/15,2015,10,October,0401,Milk Not Concentrate,33933,25,0.000737
10/1/15,2015,10,October,0402,Milk Concentrated,1503.4,3591,2.388586
10/1/15,2015,10,October,0403,Buttermilk,26.8,135,5.037313
10/1/15,2015,10,October,0404,"Whey, Natural Milk",12532.9,12636,1.008226
10/1/15,2015,10,October,0405,"Butter, Fats, Milk",52.5,92,1.752381
10/1/15,2015,10,October,0406,Cheese And Curd,1001.5,4447,4.440339
11/1/15,2015,11,November,0401,Milk Not Concentrate,0,0,
11/1/15,2015,11,November,0402,Milk Concentrated,1887.4,4792,2.538942
11/1/15,2015,11,November,0403,Buttermilk,85.2,131,1.537559
11/1/15,2015,11,November,0404,"Whey, Natural Milk",9522.7,11947,1.254581
11/1/15,2015,11,November,0405,"Butter, Fats, Milk",0,0,
11/1/15,2015,11,November,0406,Cheese And Curd,1228.3,5261,4.283156
12/1/15,2015,12,December,0401,Milk Not Concentrate,252835,466,0.001843
12/1/15,2015,12,December,0402,Milk Concentrated,1432.1,4087,2.853851
12/1/15,2015,12,December,0403,Buttermilk,67.7,112,1.654357
12/1/15,2015,12,December,0404,"Whey, Natural Milk",9549.8,12081,1.265053
12/1/15,2015,12,December,0405,"Butter, Fats, Milk",0,0,
12/1/15,2015,12,December,0406,Cheese And Curd,555.1,2510,4.521708
1/1/16,2016,1,January,0401,Milk Not Concentrate,52940,55,0.001039
1/1/16,2016,1,January,0402,Milk Concentrated,1197.9,2790,2.329076
1/1/16,2016,1,January,0403,Buttermilk,17.7,146,8.248588
1/1/16,2016,1,January,0404,"Whey, Natural Milk",10065.6,10188,1.01216
1/1/16,2016,1,January,0405,"Butter, Fats, Milk",7.2,13,1.805556
1/1/16,2016,1,January,0406,Cheese And Curd,470.8,1942,4.124894
2/1/16,2016,2,February,0401,Milk Not Concentrate,0,0,
2/1/16,2016,2,February,0402,Milk Concentrated,1691.3,4108,2.428901
2/1/16,2016,2,February,0403,Buttermilk,35,163,4.657143
2/1/16,2016,2,February,0404,"Whey, Natural Milk",10766.6,10897,1.012112
2/1/16,2016,2,February,0405,"Butter, Fats, Milk",3.7,17,4.594595
2/1/16,2016,2,February,0406,Cheese And Curd,720.9,3223,4.4708
3/1/16,2016,3,March,0401,Milk Not Concentrate,0,0,
3/1/16,2016,3,March,0402,Milk Concentrated,1158.1,2737,2.363354
3/1/16,2016,3,March,0403,Buttermilk,39.4,263,6.675127
3/1/16,2016,3,March,0404,"Whey, Natural Milk",10853.6,9699,0.893621
3/1/16,2016,3,March,0405,"Butter, Fats, Milk",0,0,
3/1/16,2016,3,March,0406,Cheese And Curd,723.9,3265,4.510291
4/1/16,2016,4,April,0401,Milk Not Concentrate,0,0,
4/1/16,2016,4,April,0402,Milk Concentrated,1635.9,3443,2.104652
4/1/16,2016,4,April,0403,Buttermilk,139,242,1.741007
4/1/16,2016,4,April,0404,"Whey, Natural Milk",12738.9,9882,0.775734
4/1/16,2016,4,April,0405,"Butter, Fats, Milk",6.6,12,1.818182
4/1/16,2016,4,April,0406,Cheese And Curd,735.8,3437,4.671106
5/1/16,2016,5,May,0401,Milk Not Concentrate,800,7,0.00875
5/1/16,2016,5,May,0402,Milk Concentrated,2134.9,4593,2.151389
5/1/16,2016,5,May,0403,Buttermilk,0,209,inf
5/1/16,2016,5,May,0404,"Whey, Natural Milk",17926.7,13795,0.769523
5/1/16,2016,5,May,0405,"Butter, Fats, Milk",16.6,37,2.228916
5/1/16,2016,5,May,0406,Cheese And Curd,838,3470,4.140811
6/1/16,2016,6,June,0401,Milk Not Concentrate,0,0,
6/1/16,2016,6,June,0402,Milk Concentrated,1734.4,3365,1.940152
6/1/16,2016,6,June,0403,Buttermilk,16.7,31,1.856287
6/1/16,2016,6,June,0404,"Whey, Natural Milk",21721.7,14654,0.674625
6/1/16,2016,6,June,0405,"Butter, Fats, Milk",78.7,138,1.753494
6/1/16,2016,6,June,0406,Cheese And Curd,941.7,3847,4.085165
7/1/16,2016,7,July,0401,Milk Not Concentrate,13739,10,0.000728
7/1/16,2016,7,July,0402,Milk Concentrated,2637.6,5552,2.104944
7/1/16,2016,7,July,0403,Buttermilk,16.7,144,8.622754
7/1/16,2016,7,July,0404,"Whey, Natural Milk",19438.3,14160,0.728459
7/1/16,2016,7,July,0405,"Butter, Fats, Milk",252,1153,4.575397
7/1/16,2016,7,July,0406,Cheese And Curd,1008.4,4024,3.99048
8/1/16,2016,8,August,0401,Milk Not Concentrate,66521,72,0.001082
8/1/16,2016,8,August,0402,Milk Concentrated,1970.3,4193,2.128102
8/1/16,2016,8,August,0403,Buttermilk,10.1,102,10.09901
8/1/16,2016,8,August,0404,"Whey, Natural Milk",20906.1,15622,0.747246
8/1/16,2016,8,August,0405,"Butter, Fats, Milk",0,0,
8/1/16,2016,8,August,0406,Cheese And Curd,876,3738,4.267123
9/1/16,2016,9,September,0401,Milk Not Concentrate,38003,41,0.001079
9/1/16,2016,9,September,0402,Milk Concentrated,910.7,2046,2.246623
9/1/16,2016,9,September,0403,Buttermilk,0,91,inf
9/1/16,2016,9,September,0404,"Whey, Natural Milk",16952.9,13951,0.822927
9/1/16,2016,9,September,0405,"Butter, Fats, Milk",22.9,48,2.09607
9/1/16,2016,9,September,0406,Cheese And Curd,774.7,3475,4.485607
10/1/16,2016,10,October,0401,Milk Not Concentrate,125363,94,0.00075
10/1/16,2016,10,October,0402,Milk Concentrated,1224,2949,2.409314
10/1/16,2016,10,October,0403,Buttermilk,0,118,inf
10/1/16,2016,10,October,0404,"Whey, Natural Milk",20504.4,15847,0.772859
10/1/16,2016,10,October,0405,"Butter, Fats, Milk",0,0,
10/1/16,2016,10,October,0406,Cheese And Curd,1116.9,5346,4.786463
11/1/16,2016,11,November,0401,Milk Not Concentrate,6814,11,0.001614
11/1/16,2016,11,November,0402,Milk Concentrated,1730.2,4231,2.445382
11/1/16,2016,11,November,0403,Buttermilk,0,0,
11/1/16,2016,11,November,0404,"Whey, Natural Milk",23186.3,19370,0.835407
11/1/16,2016,11,November,0405,"Butter, Fats, Milk",0,0,
11/1/16,2016,11,November,0406,Cheese And Curd,652,2858,4.383436
12/1/16,2016,12,December,0401,Milk Not Concentrate,0,0,
12/1/16,2016,12,December,0402,Milk Concentrated,3021.3,7809,2.584649
12/1/16,2016,12,December,0403,Buttermilk,18.2,86,4.725275
12/1/16,2016,12,December,0404,"Whey, Natural Milk",22586.1,21179,0.937701
12/1/16,2016,12,December,0405,"Butter, Fats, Milk",0,0,
12/1/16,2016,12,December,0406,Cheese And Curd,900.2,4076,4.527883
1/1/17,2017,1,January,0401,Milk Not Concentrate,9474,21,0.002217
1/1/17,2017,1,January,0402,Milk Concentrated,2520.6,5024,1.993176
1/1/17,2017,1,January,0403,Buttermilk,11.7,30,2.564103
1/1/17,2017,1,January,0404,"Whey, Natural Milk",18982.3,17989,0.947672
1/1/17,2017,1,January,0405,"Butter, Fats, Milk",0,0,
1/1/17,2017,1,January,0406,Cheese And Curd,844,3665,4.342417
2/1/17,2017,2,February,0401,Milk Not Concentrate,32500,65,0.002
2/1/17,2017,2,February,0402,Milk Concentrated,3481.3,7906,2.270991
2/1/17,2017,2,February,0403,Buttermilk,2.2,114,51.818182
2/1/17,2017,2,February,0404,"Whey, Natural Milk",20364,22419,1.100913
2/1/17,2017,2,February,0405,"Butter, Fats, Milk",4,13,3.25
2/1/17,2017,2,February,0406,Cheese And Curd,867.7,4040,4.655987
3/1/17,2017,3,March,0401,Milk Not Concentrate,0,0,
3/1/17,2017,3,March,0402,Milk Concentrated,5361.8,10797,2.013689
3/1/17,2017,3,March,0403,Buttermilk,18.6,23,1.236559
3/1/17,2017,3,March,0404,"Whey, Natural Milk",20397.9,22397,1.098005
3/1/17,2017,3,March,0405,"Butter, Fats, Milk",0,0,
3/1/17,2017,3,March,0406,Cheese And Curd,1050.9,4747,4.517081
4/1/17,2017,4,April,0401,Milk Not Concentrate,0,0,
4/1/17,2017,4,April,0402,Milk Concentrated,4254.9,8310,1.953042
4/1/17,2017,4,April,0403,Buttermilk,25.9,154,5.945946
4/1/17,2017,4,April,0404,"Whey, Natural Milk",19779,21757,1.100005
4/1/17,2017,4,April,0405,"Butter, Fats, Milk",0,0,
4/1/17,2017,4,April,0406,Cheese And Curd,877.3,4126,4.703066
5/1/17,2017,5,May,0401,Milk Not Concentrate,36890,59,0.001599
5/1/17,2017,5,May,0402,Milk Concentrated,4733.6,8718,1.841727
5/1/17,2017,5,May,0403,Buttermilk,0,112,inf
5/1/17,2017,5,May,0404,"Whey, Natural Milk",21913.3,23450,1.070126
5/1/17,2017,5,May,0405,"Butter, Fats, Milk",85.6,158,1.845794
5/1/17,2017,5,May,0406,Cheese And Curd,1270.7,5331,4.195325
6/1/17,2017,6,June,0401,Milk Not Concentrate,8712,24,0.002755
6/1/17,2017,6,June,0402,Milk Concentrated,3025.1,6253,2.067039
6/1/17,2017,6,June,0403,Buttermilk,8.4,105,12.5
6/1/17,2017,6,June,0404,"Whey, Natural Milk",19298.5,22570,1.169521
6/1/17,2017,6,June,0405,"Butter, Fats, Milk",10.1,29,2.871287
6/1/17,2017,6,June,0406,Cheese And Curd,1274.9,5301,4.157973
7/1/17,2017,7,July,0401,Milk Not Concentrate,20204,56,0.002772
7/1/17,2017,7,July,0402,Milk Concentrated,2726.7,6767,2.481755
7/1/17,2017,7,July,0403,Buttermilk,22.5,59,2.622222
7/1/17,2017,7,July,0404,"Whey, Natural Milk",18953.6,21248,1.121054
7/1/17,2017,7,July,0405,"Butter, Fats, Milk",0,0,
7/1/17,2017,7,July,0406,Cheese And Curd,1106.3,4679,4.229413
8/1/17,2017,8,August,0401,Milk Not Concentrate,0,0,
8/1/17,2017,8,August,0402,Milk Concentrated,4531.4,10856,2.395728
8/1/17,2017,8,August,0403,Buttermilk,39.6,82,2.070707
8/1/17,2017,8,August,0404,"Whey, Natural Milk",19825.9,19564,0.98679
8/1/17,2017,8,August,0405,"Butter, Fats, Milk",0,0,
8/1/17,2017,8,August,0406,Cheese And Curd,1187.2,5141,4.330357
9/1/17,2017,9,September,0401,Milk Not Concentrate,0,0,
9/1/17,2017,9,September,0402,Milk Concentrated,3884.5,9876,2.542412
9/1/17,2017,9,September,0403,Buttermilk,49.5,118,2.383838
9/1/17,2017,9,September,0404,"Whey, Natural Milk",17326.7,16399,0.946458
9/1/17,2017,9,September,0405,"Butter, Fats, Milk",3.1,9,2.903226
9/1/17,2017,9,September,0406,Cheese And Curd,1221.5,5304,4.342202
10/1/17,2017,10,October,0401,Milk Not Concentrate,0,0,
10/1/17,2017,10,October,0402,Milk Concentrated,4233,9671,2.284668
10/1/17,2017,10,October,0403,Buttermilk,5.4,47,8.703704
10/1/17,2017,10,October,0404,"Whey, Natural Milk",20264.2,17031,0.840448
10/1/17,2017,10,October,0405,"Butter, Fats, Milk",4.5,31,6.888889
10/1/17,2017,10,October,0406,Cheese And Curd,1921.2,8304,4.322299
11/1/17,2017,11,November,0401,Milk Not Concentrate,1020,6,0.005882
11/1/17,2017,11,November,0402,Milk Concentrated,2888.6,6436,2.228069
11/1/17,2017,11,November,0403,Buttermilk,9.4,91,9.680851
11/1/17,2017,11,November,0404,"Whey, Natural Milk",22196.3,20231,0.911458
11/1/17,2017,11,November,0405,"Butter, Fats, Milk",284.9,506,1.776062
11/1/17,2017,11,November,0406,Cheese And Curd,1099.6,4873,4.431611
12/1/17,2017,12,December,0401,Milk Not Concentrate,2232,14,0.006272
12/1/17,2017,12,December,0402,Milk Concentrated,2943.1,6028,2.04818
12/1/17,2017,12,December,0403,Buttermilk,29.9,119,3.979933
12/1/17,2017,12,December,0404,"Whey, Natural Milk",24230,21020,0.86752
12/1/17,2017,12,December,0405,"Butter, Fats, Milk",3.3,21,6.363636
12/1/17,2017,12,December,0406,Cheese And Curd,1326.6,6331,4.77235
1/1/18,2018,1,January,0401,Milk Not Concentrate,9356,39,0.004168
1/1/18,2018,1,January,0402,Milk Concentrated,429.9,1030,2.395906
1/1/18,2018,1,January,0403,Buttermilk,4.7,10,2.12766
1/1/18,2018,1,January,0404,"Whey, Natural Milk",20258.4,17941,0.885608
1/1/18,2018,1,January,0405,"Butter, Fats, Milk",1.6,10,6.25
1/1/18,2018,1,January,0406,Cheese And Curd,843.6,3935,4.664533
2/1/18,2018,2,February,0401,Milk Not Concentrate,1740,9,0.005172
2/1/18,2018,2,February,0402,Milk Concentrated,3090.7,6335,2.049697
2/1/18,2018,2,February,0403,Buttermilk,84.9,211,2.485277
2/1/18,2018,2,February,0404,"Whey, Natural Milk",19886,16906,0.850146
2/1/18,2018,2,February,0405,"Butter, Fats, Milk",1.5,9,6
2/1/18,2018,2,February,0406,Cheese And Curd,1741.9,7153,4.106436
3/1/18,2018,3,March,0401,Milk Not Concentrate,4380,24,0.005479
3/1/18,2018,3,March,0402,Milk Concentrated,5031.8,12057,2.39616
3/1/18,2018,3,March,0403,Buttermilk,28.9,96,3.321799
3/1/18,2018,3,March,0404,"Whey, Natural Milk",22290.5,21944,0.984455
3/1/18,2018,3,March,0405,"Butter, Fats, Milk",0.7,4,5.714286
3/1/18,2018,3,March,0406,Cheese And Curd,1612.2,6694,4.15209
4/1/18,2018,4,April,0401,Milk Not Concentrate,110184,183,0.001661
4/1/18,2018,4,April,0402,Milk Concentrated,6218,13269,2.133966
4/1/18,2018,4,April,0403,Buttermilk,90.1,323,3.584906
4/1/18,2018,4,April,0404,"Whey, Natural Milk",23509.3,21502,0.914617
4/1/18,2018,4,April,0405,"Butter, Fats, Milk",0,0,
4/1/18,2018,4,April,0406,Cheese And Curd,1719.3,7455,4.336067
5/1/18,2018,5,May,0401,Milk Not Concentrate,130,3,0.023077
5/1/18,2018,5,May,0402,Milk Concentrated,6356,13930,2.19163
5/1/18,2018,5,May,0403,Buttermilk,24.7,247,10
5/1/18,2018,5,May,0404,"Whey, Natural Milk",20697.5,19311,0.933011
5/1/18,2018,5,May,0405,"Butter, Fats, Milk",1.5,9,6
5/1/18,2018,5,May,0406,Cheese And Curd,1211.5,5302,4.376393
6/1/18,2018,6,June,0401,Milk Not Concentrate,2461,7,0.002844
6/1/18,2018,6,June,0402,Milk Concentrated,4529,10082,2.226098
6/1/18,2018,6,June,0403,Buttermilk,5.7,97,17.017544
6/1/18,2018,6,June,0404,"Whey, Natural Milk",17745.1,16302,0.918676
6/1/18,2018,6,June,0405,"Butter, Fats, Milk",3.3,20,6.060606
6/1/18,2018,6,June,0406,Cheese And Curd,1126.9,5292,4.696069
7/1/18,2018,7,July,0401,Milk Not Concentrate,27624,54,0.001955
7/1/18,2018,7,July,0402,Milk Concentrated,1647.5,3082,1.870713
7/1/18,2018,7,July,0403,Buttermilk,82.2,204,2.481752
7/1/18,2018,7,July,0404,"Whey, Natural Milk",13716.2,15044,1.096805
7/1/18,2018,7,July,0405,"Butter, Fats, Milk",1.7,10,5.882353
7/1/18,2018,7,July,0406,Cheese And Curd,434.1,1906,4.390693
8/1/18,2018,8,August,0401,Milk Not Concentrate,3581,10,0.002793
8/1/18,2018,8,August,0402,Milk Concentrated,2046,4330,2.116325
8/1/18,2018,8,August,0403,Buttermilk,81.9,178,2.173382
8/1/18,2018,8,August,0404,"Whey, Natural Milk",14109.3,11906,0.843841
8/1/18,2018,8,August,0405,"Butter, Fats, Milk",2.4,15,6.25
8/1/18,2018,8,August,0406,Cheese And Curd,682.9,3153,4.617074
9/1/18,2018,9,September,0401,Milk Not Concentrate,0,0,
9/1/18,2018,9,September,0402,Milk Concentrated,627.3,1553,2.475689
9/1/18,2018,9,September,0403,Buttermilk,20.2,43,2.128713
9/1/18,2018,9,September,0404,"Whey, Natural Milk",10434.9,9365,0.897469
9/1/18,2018,9,September,0405,"Butter, Fats, Milk",20.4,36,1.764706
9/1/18,2018,9,September,0406,Cheese And Curd,431,2122,4.923434
10/1/18,2018,10,October,0401,Milk Not Concentrate,2400,7,0.002917
10/1/18,2018,10,October,0402,Milk Concentrated,497,1237,2.488934
10/1/18,2018,10,October,0403,Buttermilk,36.6,243,6.639344
10/1/18,2018,10,October,0404,"Whey, Natural Milk",9501.6,10867,1.143702
10/1/18,2018,10,October,0405,"Butter, Fats, Milk",13.7,37,2.70073
10/1/18,2018,10,October,0406,Cheese And Curd,678.2,3506,5.169566
11/1/18,2018,11,November,0401,Milk Not Concentrate,25200,29,0.001151
11/1/18,2018,11,November,0402,Milk Concentrated,815.7,2111,2.587961
11/1/18,2018,11,November,0403,Buttermilk,29.8,117,3.926174
11/1/18,2018,11,November,0404,"Whey, Natural Milk",13252.1,10953,0.826511
11/1/18,2018,11,November,0405,"Butter, Fats, Milk",0.5,3,6
11/1/18,2018,11,November,0406,Cheese And Curd,742.4,3671,4.944774
12/1/18,2018,12,December,0401,Milk Not Concentrate,6309,15,0.002378
12/1/18,2018,12,December,0402,Milk Concentrated,532,1572,2.954887
12/1/18,2018,12,December,0403,Buttermilk,23.2,91,3.922414
12/1/18,2018,12,December,0404,"Whey, Natural Milk",11629,11984,1.030527
12/1/18,2018,12,December,0405,"Butter, Fats, Milk",0,0,
12/1/18,2018,12,December,0406,Cheese And Curd,1124.6,5062,4.501156
1/1/19,2019,1,January,0401,Milk Not Concentrate,6849,19,0.002774
1/1/19,2019,1,January,0402,Milk Concentrated,498.9,1195,2.39527
1/1/19,2019,1,January,0403,Buttermilk,0.8,326,407.5
1/1/19,2019,1,January,0404,"Whey, Natural Milk",9114.4,9481,1.040222
1/1/19,2019,1,January,0405,"Butter, Fats, Milk",11.3,25,2.212389
1/1/19,2019,1,January,0406,Cheese And Curd,598.1,2447,4.091289
2/1/19,2019,2,February,0401,Milk Not Concentrate,7770,18,0.002317
2/1/19,2019,2,February,0402,Milk Concentrated,796.6,1920,2.410244
2/1/19,2019,2,February,0403,Buttermilk,10.5,224,21.333333
2/1/19,2019,2,February,0404,"Whey, Natural Milk",8000,8327,1.040875
2/1/19,2019,2,February,0405,"Butter, Fats, Milk",0,0,
2/1/19,2019,2,February,0406,Cheese And Curd,744.4,3165,4.251746
3/1/19,2019,3,March,0401,Milk Not Concentrate,0,0,
3/1/19,2019,3,March,0402,Milk Concentrated,306.7,981,3.198565
3/1/19,2019,3,March,0403,Buttermilk,0,48,inf
3/1/19,2019,3,March,0404,"Whey, Natural Milk",9996.2,11486,1.149037
3/1/19,2019,3,March,0405,"Butter, Fats, Milk",0,0,
3/1/19,2019,3,March,0406,Cheese And Curd,978.1,4112,4.204069
4/1/19,2019,4,April,0401,Milk Not Concentrate,0,0,
4/1/19,2019,4,April,0402,Milk Concentrated,350.1,1206,3.44473
4/1/19,2019,4,April,0403,Buttermilk,21.5,240,11.162791
4/1/19,2019,4,April,0404,"Whey, Natural Milk",6289.8,9748,1.549811
4/1/19,2019,4,April,0405,"Butter, Fats, Milk",0,0,
4/1/19,2019,4,April,0406,Cheese And Curd,710.3,3189,4.489652
5/1/19,2019,5,May,0401,Milk Not Concentrate,0,0,
5/1/19,2019,5,May,0402,Milk Concentrated,747.1,1914,2.561906
5/1/19,2019,5,May,0403,Buttermilk,1,284,284
5/1/19,2019,5,May,0404,"Whey, Natural Milk",6702.5,9690,1.445729
5/1/19,2019,5,May,0405,"Butter, Fats, Milk",0,0,
5/1/19,2019,5,May,0406,Cheese And Curd,468.8,2173,4.635239
6/1/19,2019,6,June,0401,Milk Not Concentrate,1869,4,0.00214
6/1/19,2019,6,June,0402,Milk Concentrated,514.8,1707,3.315851
6/1/19,2019,6,June,0403,Buttermilk,20.3,417,20.541872
6/1/19,2019,6,June,0404,"Whey, Natural Milk",10213.8,11612,1.136893
6/1/19,2019,6,June,0405,"Butter, Fats, Milk",0,0,
6/1/19,2019,6,June,0406,Cheese And Curd,679.7,3213,4.727085
7/1/19,2019,7,July,0401,Milk Not Concentrate,7856,11,0.0014
7/1/19,2019,7,July,0402,Milk Concentrated,672,2230,3.318452
7/1/19,2019,7,July,0403,Buttermilk,11.8,173,14.661017
7/1/19,2019,7,July,0404,"Whey, Natural Milk",8205.2,9492,1.156827
7/1/19,2019,7,July,0405,"Butter, Fats, Milk",0,0,
7/1/19,2019,7,July,0406,Cheese And Curd,528.1,2383,4.512403
8/1/19,2019,8,August,0401,Milk Not Concentrate,29685,32,0.001078
8/1/19,2019,8,August,0402,Milk Concentrated,318.1,1004,3.15624
8/1/19,2019,8,August,0403,Buttermilk,14.1,426,30.212766
8/1/19,2019,8,August,0404,"Whey, Natural Milk",4845.4,7745,1.598423
8/1/19,2019,8,August,0405,"Butter, Fats, Milk",0,0,
8/1/19,2019,8,August,0406,Cheese And Curd,375.5,2104,5.603196
9/1/19,2019,9,September,0401,Milk Not Concentrate,0,0,
9/1/19,2019,9,September,0402,Milk Concentrated,548.5,1566,2.855059
9/1/19,2019,9,September,0403,Buttermilk,22.4,258,11.517857
9/1/19,2019,9,September,0404,"Whey, Natural Milk",8179.7,10710,1.309339
9/1/19,2019,9,September,0405,"Butter, Fats, Milk",242.8,425,1.750412
9/1/19,2019,9,September,0406,Cheese And Curd,469.5,2133,4.543131
10/1/19,2019,10,October,0401,Milk Not Concentrate,74536,82,0.0011
10/1/19,2019,10,October,0402,Milk Concentrated,631.4,1824,2.888818
10/1/19,2019,10,October,0403,Buttermilk,9.2,541,58.804348
10/1/19,2019,10,October,0404,"Whey, Natural Milk",6007,5925,0.986349
10/1/19,2019,10,October,0405,"Butter, Fats, Milk",0,0,
10/1/19,2019,10,October,0406,Cheese And Curd,913.7,4881,5.342016
11/1/19,2019,11,November,0401,Milk Not Concentrate,131851,182,0.00138
11/1/19,2019,11,November,0402,Milk Concentrated,3637.2,9156,2.517321
11/1/19,2019,11,November,0403,Buttermilk,2.5,101,40.4
11/1/19,2019,11,November,0404,"Whey, Natural Milk",9911,11538,1.164161
11/1/19,2019,11,November,0405,"Butter, Fats, Milk",0,0,
11/1/19,2019,11,November,0406,Cheese And Curd,623.3,3128,5.01845
12/1/19,2019,12,December,0401,Milk Not Concentrate,101111,100,0.000989
12/1/19,2019,12,December,0402,Milk Concentrated,2153.4,5857,2.719885
12/1/19,2019,12,December,0403,Buttermilk,3.1,10,3.225806
12/1/19,2019,12,December,0404,"Whey, Natural Milk",10489.8,10030,0.956167
12/1/19,2019,12,December,0405,"Butter, Fats, Milk",0,0,
12/1/19,2019,12,December,0406,Cheese And Curd,680.6,3458,5.080811
1/1/20,2020,1,January,0401,Milk Not Concentrate,34488,41,0.001189
1/1/20,2020,1,January,0402,Milk Concentrated,308.8,1090,3.529793
1/1/20,2020,1,January,0403,Buttermilk,15.9,51,3.207547
1/1/20,2020,1,January,0404,"Whey, Natural Milk",11767.1,12669,1.076646
1/1/20,2020,1,January,0405,"Butter, Fats, Milk",0,0,
1/1/20,2020,1,January,0406,Cheese And Curd,552.4,2664,4.822592
2/1/20,2020,2,February,0401,Milk Not Concentrate,0,0,
2/1/20,2020,2,February,0402,Milk Concentrated,484.9,1890,3.897711
2/1/20,2020,2,February,0403,Buttermilk,90.4,269,2.975664
2/1/20,2020,2,February,0404,"Whey, Natural Milk",9282,10074,1.085326
2/1/20,2020,2,February,0405,"Butter, Fats, Milk",0,0,
2/1/20,2020,2,February,0406,Cheese And Curd,550.5,3281,5.960036
3/1/20,2020,3,March,0401,Milk Not Concentrate,21198,118,0.005567
3/1/20,2020,3,March,0402,Milk Concentrated,202.7,666,3.285644
3/1/20,2020,3,March,0403,Buttermilk,1.2,3,2.5
3/1/20,2020,3,March,0404,"Whey, Natural Milk",12209,11013,0.902039
3/1/20,2020,3,March,0405,"Butter, Fats, Milk",0,0,
3/1/20,2020,3,March,0406,Cheese And Curd,365.7,2059,5.630298
4/1/20,2020,4,April,0401,Milk Not Concentrate,0,0,
4/1/20,2020,4,April,0402,Milk Concentrated,1023.6,2941,2.873193
4/1/20,2020,4,April,0403,Buttermilk,20.6,60,2.912621
4/1/20,2020,4,April,0404,"Whey, Natural Milk",14488,15457,1.066883
4/1/20,2020,4,April,0405,"Butter, Fats, Milk",0,0,
4/1/20,2020,4,April,0406,Cheese And Curd,610.1,3151,5.164727
5/1/20,2020,5,May,0401,Milk Not Concentrate,83071,174,0.002095
5/1/20,2020,5,May,0402,Milk Concentrated,3815.3,9904,2.595864
5/1/20,2020,5,May,0403,Buttermilk,40.8,321,7.867647
5/1/20,2020,5,May,0404,"Whey, Natural Milk",17320.2,17591,1.015635
5/1/20,2020,5,May,0405,"Butter, Fats, Milk",112.8,546,4.840426
5/1/20,2020,5,May,0406,Cheese And Curd,1097.7,4913,4.475722
6/1/20,2020,6,June,0401,Milk Not Concentrate,272,3,0.011029
6/1/20,2020,6,June,0402,Milk Concentrated,4770.3,9300,1.949563
6/1/20,2020,6,June,0403,Buttermilk,34.5,124,3.594203
6/1/20,2020,6,June,0404,"Whey, Natural Milk",18057.9,19208,1.06369
6/1/20,2020,6,June,0405,"Butter, Fats, Milk",56.7,275,4.850088
6/1/20,2020,6,June,0406,Cheese And Curd,1666.9,6383,3.829264
7/1/20,2020,7,July,0401,Milk Not Concentrate,275,3,0.010909
7/1/20,2020,7,July,0402,Milk Concentrated,2081.4,4750,2.282118
7/1/20,2020,7,July,0403,Buttermilk,117.2,387,3.302048
7/1/20,2020,7,July,0404,"Whey, Natural Milk",16430.2,17590,1.07059
7/1/20,2020,7,July,0405,"Butter, Fats, Milk",390,1806,4.630769
7/1/20,2020,7,July,0406,Cheese And Curd,517.8,2462,4.754732
8/1/20,2020,8,August,0401,Milk Not Concentrate,240,3,0.0125
8/1/20,2020,8,August,0402,Milk Concentrated,6082.4,14500,2.383927
8/1/20,2020,8,August,0403,Buttermilk,28.9,289,10
8/1/20,2020,8,August,0404,"Whey, Natural Milk",21580.2,19942,0.924088
8/1/20,2020,8,August,0405,"Butter, Fats, Milk",0,0,
8/1/20,2020,8,August,0406,Cheese And Curd,282.5,1644,5.819469
9/1/20,2020,9,September,0401,Milk Not Concentrate,200,3,0.015
9/1/20,2020,9,September,0402,Milk Concentrated,3367.2,7806,2.318247
9/1/20,2020,9,September,0403,Buttermilk,2.9,26,8.965517
9/1/20,2020,9,September,0404,"Whey, Natural Milk",18721.3,18319,0.978511
9/1/20,2020,9,September,0405,"Butter, Fats, Milk",0,0,
9/1/20,2020,9,September,0406,Cheese And Curd,382.2,2248,5.881737
10/1/20,2020,10,October,0401,Milk Not Concentrate,39357,74,0.00188
10/1/20,2020,10,October,0402,Milk Concentrated,4343.6,10485,2.413896
10/1/20,2020,10,October,0403,Buttermilk,30.7,153,4.983713
10/1/20,2020,10,October,0404,"Whey, Natural Milk",25532.9,23012,0.901269
10/1/20,2020,10,October,0405,"Butter, Fats, Milk",0,0,
10/1/20,2020,10,October,0406,Cheese And Curd,695.8,3292,4.731245
11/1/20,2020,11,November,0401,Milk Not Concentrate,111750,177,0.001584
11/1/20,2020,11,November,0402,Milk Concentrated,3099.7,7364,2.375714
11/1/20,2020,11,November,0403,Buttermilk,6.2,23,3.709677
11/1/20,2020,11,November,0404,"Whey, Natural Milk",19989.3,18552,0.928097
11/1/20,2020,11,November,0405,"Butter, Fats, Milk",0,0,
11/1/20,2020,11,November,0406,Cheese And Curd,369.1,2339,6.337036
12/1/20,2020,12,December,0401,Milk Not Concentrate,141540,313,0.002211
12/1/20,2020,12,December,0402,Milk Concentrated,1907.6,4730,2.479555
12/1/20,2020,12,December,0403,Buttermilk,10,189,18.9
12/1/20,2020,12,December,0404,"Whey, Natural Milk",25228.5,22723,0.900688
12/1/20,2020,12,December,0405,"Butter, Fats, Milk",0.3,6,20
12/1/20,2020,12,December,0406,Cheese And Curd,563.2,3513,6.237571
1/1/21,2021,1,January,0401,Milk Not Concentrate,14024,20,0.001426
1/1/21,2021,1,January,0402,Milk Concentrated,1956.6,4802,2.454257
1/1/21,2021,1,January,0403,Buttermilk,90,191,2.122222
1/1/21,2021,1,January,0404,"Whey, Natural Milk",22086.3,19724,0.893042
1/1/21,2021,1,January,0405,"Butter, Fats, Milk",0,0,
1/1/21,2021,1,January,0406,Cheese And Curd,581.6,2861,4.919188
2/1/21,2021,2,February,0401,Milk Not Concentrate,26000,58,0.002231
2/1/21,2021,2,February,0402,Milk Concentrated,2608.1,6332,2.427821
2/1/21,2021,2,February,0403,Buttermilk,17.4,140,8.045977
2/1/21,2021,2,February,0404,"Whey, Natural Milk",24833.7,22465,0.904618
2/1/21,2021,2,February,0405,"Butter, Fats, Milk",0.5,6,12
2/1/21,2021,2,February,0406,Cheese And Curd,785.3,4145,5.278238
3/1/21,2021,3,March,0401,Milk Not Concentrate,33138,70,0.002112
3/1/21,2021,3,March,0402,Milk Concentrated,5487.1,13994,2.550345
3/1/21,2021,3,March,0403,Buttermilk,39.7,163,4.105793
3/1/21,2021,3,March,0404,"Whey, Natural Milk",25528.8,24693,0.967261
3/1/21,2021,3,March,0405,"Butter, Fats, Milk",17.6,89,5.056818
3/1/21,2021,3,March,0406,Cheese And Curd,876.7,4469,5.097525
4/1/21,2021,4,April,0401,Milk Not Concentrate,40000,40,0.001
4/1/21,2021,4,April,0402,Milk Concentrated,5593.3,13743,2.457047
4/1/21,2021,4,April,0403,Buttermilk,32,143,4.46875
4/1/21,2021,4,April,0404,"Whey, Natural Milk",24955,24710,0.990182
4/1/21,2021,4,April,0405,"Butter, Fats, Milk",267.8,1186,4.428678
4/1/21,2021,4,April,0406,Cheese And Curd,561.7,3125,5.563468
5/1/21,2021,5,May,0401,Milk Not Concentrate,97964,197,0.002011
5/1/21,2021,5,May,0402,Milk Concentrated,6431.7,17119,2.66166
5/1/21,2021,5,May,0403,Buttermilk,4.9,140,28.571429
5/1/21,2021,5,May,0404,"Whey, Natural Milk",24406.1,27117,1.111075
5/1/21,2021,5,May,0405,"Butter, Fats, Milk",776.6,3589,4.621427
5/1/21,2021,5,May,0406,Cheese And Curd,647.7,3489,5.386753
6/1/21,2021,6,June,0401,Milk Not Concentrate,188000,461,0.002452
6/1/21,2021,6,June,0402,Milk Concentrated,6939.4,19040,2.743753
6/1/21,2021,6,June,0403,Buttermilk,16.6,264,15.903614
6/1/21,2021,6,June,0404,"Whey, Natural Milk",25166.8,26690,1.060524
6/1/21,2021,6,June,0405,"Butter, Fats, Milk",0,0,
6/1/21,2021,6,June,0406,Cheese And Curd,672,3203,4.766369
7/1/21,2021,7,July,0401,Milk Not Concentrate,28603,74,0.002587
7/1/21,2021,7,July,0402,Milk Concentrated,7826.3,22392,2.861122
7/1/21,2021,7,July,0403,Buttermilk,6.7,26,3.880597
7/1/21,2021,7,July,0404,"Whey, Natural Milk",22619.8,26873,1.18803
7/1/21,2021,7,July,0405,"Butter, Fats, Milk",133.3,233,1.747937
7/1/21,2021,7,July,0406,Cheese And Curd,764.6,3267,4.272822
8/1/21,2021,8,August,0401,Milk Not Concentrate,50208,90,0.001793
8/1/21,2021,8,August,0402,Milk Concentrated,5482.8,16187,2.952324
8/1/21,2021,8,August,0403,Buttermilk,0.3,74,246.666667
8/1/21,2021,8,August,0404,"Whey, Natural Milk",23338.7,26138,1.119942
8/1/21,2021,8,August,0405,"Butter, Fats, Milk",1048.1,1836,1.751741
8/1/21,2021,8,August,0406,Cheese And Curd,932.9,3916,4.197663
9/1/21,2021,9,September,0401,Milk Not Concentrate,68702,113,0.001645
9/1/21,2021,9,September,0402,Milk Concentrated,6489.1,18941,2.918895
9/1/21,2021,9,September,0403,Buttermilk,10.3,28,2.718447
9/1/21,2021,9,September,0404,"Whey, Natural Milk",19967.6,22385,1.121066
9/1/21,2021,9,September,0405,"Butter, Fats, Milk",1275.6,2300,1.803073
9/1/21,2021,9,September,0406,Cheese And Curd,777.4,4226,5.436069
10/1/21,2021,10,October,0401,Milk Not Concentrate,38000,68,0.001789
10/1/21,2021,10,October,0402,Milk Concentrated,2779.2,7955,2.862334
10/1/21,2021,10,October,0403,Buttermilk,34.8,97,2.787356
10/1/21,2021,10,October,0404,"Whey, Natural Milk",18242.3,20189,1.106714
10/1/21,2021,10,October,0405,"Butter, Fats, Milk",96,347,3.614583
10/1/21,2021,10,October,0406,Cheese And Curd,853.7,4205,4.925618
11/1/21,2021,11,November,0401,Milk Not Concentrate,30309,44,0.001452
11/1/21,2021,11,November,0402,Milk Concentrated,2997.6,8197,2.734521
11/1/21,2021,11,November,0403,Buttermilk,0,232,inf
11/1/21,2021,11,November,0404,"Whey, Natural Milk",16067.1,17687,1.100821
11/1/21,2021,11,November,0405,"Butter, Fats, Milk",300,649,2.163333
11/1/21,2021,11,November,0406,Cheese And Curd,768.3,3742,4.870493
12/1/21,2021,12,December,0401,Milk Not Concentrate,19000,16,0.000842
12/1/21,2021,12,December,0402,Milk Concentrated,3183.5,9897,3.108842
12/1/21,2021,12,December,0403,Buttermilk,35.7,80,2.240896
12/1/21,2021,12,December,0404,"Whey, Natural Milk",12294.2,12755,1.037481
12/1/21,2021,12,December,0405,"Butter, Fats, Milk",0,0,
12/1/21,2021,12,December,0406,Cheese And Curd,907.1,4543,5.008268
1/1/22,2022,1,January,0401,Milk Not Concentrate,980,6,0.006122
1/1/22,2022,1,January,0402,Milk Concentrated,3774.3,10980,2.909149
1/1/22,2022,1,January,0403,Buttermilk,0.5,82,164
1/1/22,2022,1,January,0404,"Whey, Natural Milk",14246.6,13631,0.95679
1/1/22,2022,1,January,0405,"Butter, Fats, Milk",39.7,87,2.191436
1/1/22,2022,1,January,0406,Cheese And Curd,553.6,3046,5.502168
2/1/22,2022,2,February,0401,Milk Not Concentrate,10980,22,0.002004
2/1/22,2022,2,February,0402,Milk Concentrated,4729.9,15735,3.326709
2/1/22,2022,2,February,0403,Buttermilk,19.1,101,5.287958
2/1/22,2022,2,February,0404,"Whey, Natural Milk",19048.2,17677,0.928014
2/1/22,2022,2,February,0405,"Butter, Fats, Milk",60.8,107,1.759868
2/1/22,2022,2,February,0406,Cheese And Curd,426.9,2203,5.160459
3/1/22,2022,3,March,0401,Milk Not Concentrate,0,0,
3/1/22,2022,3,March,0402,Milk Concentrated,3862.7,12900,3.339633
3/1/22,2022,3,March,0403,Buttermilk,7.3,231,31.643836
3/1/22,2022,3,March,0404,"Whey, Natural Milk",25322.5,22325,0.881627
3/1/22,2022,3,March,0405,"Butter, Fats, Milk",11.4,65,5.701754
3/1/22,2022,3,March,0406,Cheese And Curd,591.6,3047,5.150439
4/1/22,2022,4,April,0401,Milk Not Concentrate,0,0,
4/1/22,2022,4,April,0402,Milk Concentrated,4798.2,17502,3.647618
4/1/22,2022,4,April,0403,Buttermilk,14.6,41,2.808219
4/1/22,2022,4,April,0404,"Whey, Natural Milk",22492.2,21965,0.976561
4/1/22,2022,4,April,0405,"Butter, Fats, Milk",0,0,
4/1/22,2022,4,April,0406,Cheese And Curd,345.9,2026,5.857184
5/1/22,2022,5,May,0401,Milk Not Concentrate,0,0,
5/1/22,2022,5,May,0402,Milk Concentrated,4227.1,16335,3.864351
5/1/22,2022,5,May,0403,Buttermilk,6.5,156,24
5/1/22,2022,5,May,0404,"Whey, Natural Milk",25753.8,27570,1.070522
5/1/22,2022,5,May,0405,"Butter, Fats, Milk",29.6,65,2.195946
5/1/22,2022,5,May,0406,Cheese And Curd,269.1,1872,6.956522
6/1/22,2022,6,June,0401,Milk Not Concentrate,20000,24,0.0012
6/1/22,2022,6,June,0402,Milk Concentrated,5234,21242,4.058464
6/1/22,2022,6,June,0403,Buttermilk,22.2,57,2.567568
6/1/22,2022,6,June,0404,"Whey, Natural Milk",26974.6,27898,1.034232
6/1/22,2022,6,June,0405,"Butter, Fats, Milk",35,75,2.142857
6/1/22,2022,6,June,0406,Cheese And Curd,294.7,1644,5.578554
7/1/22,2022,7,July,0401,Milk Not Concentrate,0,0,
7/1/22,2022,7,July,0402,Milk Concentrated,5805.2,24188,4.166609
7/1/22,2022,7,July,0403,Buttermilk,16,38,2.375
7/1/22,2022,7,July,0404,"Whey, Natural Milk",26252.1,28015,1.067153
7/1/22,2022,7,July,0405,"Butter, Fats, Milk",5.3,12,2.264151
7/1/22,2022,7,July,0406,Cheese And Curd,224,1626,7.258929
8/1/22,2022,8,August,0401,Milk Not Concentrate,2507,5,0.001994
8/1/22,2022,8,August,0402,Milk Concentrated,4221.3,17439,4.131192
8/1/22,2022,8,August,0403,Buttermilk,0,18,inf
8/1/22,2022,8,August,0404,"Whey, Natural Milk",32375.8,33388,1.031264
8/1/22,2022,8,August,0405,"Butter, Fats, Milk",110.2,233,2.114338
8/1/22,2022,8,August,0406,Cheese And Curd,355.3,1984,5.584014
9/1/22,2022,9,September,0401,Milk Not Concentrate,0,0,
9/1/22,2022,9,September,0402,Milk Concentrated,4067.2,15923,3.914978
9/1/22,2022,9,September,0403,Buttermilk,0.1,3,30
9/1/22,2022,9,September,0404,"Whey, Natural Milk",29314,29663,1.011906
9/1/22,2022,9,September,0405,"Butter, Fats, Milk",37.6,83,2.207447
9/1/22,2022,9,September,0406,Cheese And Curd,497,2832,5.698189
10/1/22,2022,10,October,0401,Milk Not Concentrate,35592,27,0.000759
10/1/22,2022,10,October,0402,Milk Concentrated,3569.4,13223,3.704544
10/1/22,2022,10,October,0403,Buttermilk,0,0,
10/1/22,2022,10,October,0404,"Whey, Natural Milk",23634.9,24841,1.05103
10/1/22,2022,10,October,0405,"Butter, Fats, Milk",19.1,83,4.34555
10/1/22,2022,10,October,0406,Cheese And Curd,599.7,3374,5.626146
11/1/22,2022,11,November,0401,Milk Not Concentrate,0,0,
11/1/22,2022,11,November,0402,Milk Concentrated,4186.3,15953,3.810764
11/1/22,2022,11,November,0403,Buttermilk,0.5,12,24
11/1/22,2022,11,November,0404,"Whey, Natural Milk",28659.7,36055,1.258038
11/1/22,2022,11,November,0405,"Butter, Fats, Milk",37.6,83,2.207447
11/1/22,2022,11,November,0406,Cheese And Curd,345.3,1779,5.152042
12/1/22,2022,12,December,0401,Milk Not Concentrate,0,0,
12/1/22,2022,12,December,0402,Milk Concentrated,4618.8,16001,3.46432
12/1/22,2022,12,December,0403,Buttermilk,0,0,
12/1/22,2022,12,December,0404,"Whey, Natural Milk",25445.2,23293,0.915418
12/1/22,2022,12,December,0405,"Butter, Fats, Milk",0,0,
12/1/22,2022,12,December,0406,Cheese And Curd,366.3,1995,5.446355
1/1/23,2023,1,January,0401,Milk Not Concentrate,7275,26,0.003574
1/1/23,2023,1,January,0402,Milk Concentrated,2819.8,9130,3.237818
1/1/23,2023,1,January,0403,Buttermilk,0,0,
1/1/23,2023,1,January,0404,"Whey, Natural Milk",18828.7,21374,1.135182
1/1/23,2023,1,January,0405,"Butter, Fats, Milk",36.3,80,2.203857
1/1/23,2023,1,January,0406,Cheese And Curd,211.9,1300,6.134969
2/1/23,2023,2,February,0401,Milk Not Concentrate,200,6,0.03
2/1/23,2023,2,February,0402,Milk Concentrated,2367.7,7345,3.102167
2/1/23,2023,2,February,0403,Buttermilk,0,0,
2/1/23,2023,2,February,0404,"Whey, Natural Milk",18745.7,18740,0.999696
2/1/23,2023,2,February,0405,"Butter, Fats, Milk",36.3,80,2.203857
2/1/23,2023,2,February,0406,Cheese And Curd,1051.4,6134,5.834126
3/1/23,2023,3,March,0401,Milk Not Concentrate,16643,27,0.001622
3/1/23,2023,3,March,0402,Milk Concentrated,2428.9,7188,2.959364
3/1/23,2023,3,March,0403,Buttermilk,21.8,182,8.348624
3/1/23,2023,3,March,0404,"Whey, Natural Milk",24993.7,21507,0.860497
3/1/23,2023,3,March,0405,"Butter, Fats, Milk",257.2,635,2.468896
3/1/23,2023,3,March,0406,Cheese And Curd,1100.7,6428,5.83992
4/1/23,2023,4,April,0401,Milk Not Concentrate,27309,50,0.001831
4/1/23,2023,4,April,0402,Milk Concentrated,2646.4,7356,2.779625
4/1/23,2023,4,April,0403,Buttermilk,2.7,77,28.518519
4/1/23,2023,4,April,0404,"Whey, Natural Milk",17672.9,18512,1.047479
4/1/23,2023,4,April,0405,"Butter, Fats, Milk",1.5,3,2
4/1/23,2023,4,April,0406,Cheese And Curd,1296.9,7514,5.793816
5/1/23,2023,5,May,0401,Milk Not Concentrate,60772,72,0.001185
5/1/23,2023,5,May,0402,Milk Concentrated,2045.5,6048,2.956734
5/1/23,2023,5,May,0403,Buttermilk,5.7,24,4.210526
5/1/23,2023,5,May,0404,"Whey, Natural Milk",16946.8,17757,1.047808
5/1/23,2023,5,May,0405,"Butter, Fats, Milk",0,0,
5/1/23,2023,5,May,0406,Cheese And Curd,553.4,3082,5.569209
6/1/23,2023,6,June,0401,Milk Not Concentrate,30748,26,0.000846
6/1/23,2023,6,June,0402,Milk Concentrated,1181.1,3466,2.934553
6/1/23,2023,6,June,0403,Buttermilk,19.8,42,2.121212
6/1/23,2023,6,June,0404,"Whey, Natural Milk",16071.3,15823,0.98455
6/1/23,2023,6,June,0405,"Butter, Fats, Milk",17.7,190,10.734463
6/1/23,2023,6,June,0406,Cheese And Curd,1571.7,7541,4.797989
7/1/23,2023,7,July,0401,Milk Not Concentrate,294,4,0.013605
7/1/23,2023,7,July,0402,Milk Concentrated,1309.6,3676,2.806964
7/1/23,2023,7,July,0403,Buttermilk,0.7,10,14.285714
7/1/23,2023,7,July,0404,"Whey, Natural Milk",14268.5,14919,1.04559
7/1/23,2023,7,July,0405,"Butter, Fats, Milk",1.9,3,1.578947
7/1/23,2023,7,July,0406,Cheese And Curd,802.6,3603,4.48916
8/1/23,2023,8,August,0401,Milk Not Concentrate,378,5,0.013228
8/1/23,2023,8,August,0402,Milk Concentrated,1333,3727,2.795949
8/1/23,2023,8,August,0403,Buttermilk,14,30,2.142857
8/1/23,2023,8,August,0404,"Whey, Natural Milk",19244.9,16101,0.836637
8/1/23,2023,8,August,0405,"Butter, Fats, Milk",0,0,
8/1/23,2023,8,August,0406,Cheese And Curd,521.2,2957,5.673446
9/1/23,2023,9,September,0401,Milk Not Concentrate,0,0,
9/1/23,2023,9,September,0402,Milk Concentrated,2217.8,5649,2.547119
9/1/23,2023,9,September,0403,Buttermilk,16.5,48,2.909091
9/1/23,2023,9,September,0404,"Whey, Natural Milk",17857.9,17929,1.003981
9/1/23,2023,9,September,0405,"Butter, Fats, Milk",8.7,70,8.045977
9/1/23,2023,9,September,0406,Cheese And Curd,1929.2,8718,4.518972
10/1/23,2023,10,October,0401,Milk Not Concentrate,1362,3,0.002203
10/1/23,2023,10,October,0402,Milk Concentrated,1362.3,3578,2.626441
10/1/23,2023,10,October,0403,Buttermilk,41.2,98,2.378641
10/1/23,2023,10,October,0404,"Whey, Natural Milk",17666.4,15804,0.89458
10/1/23,2023,10,October,0405,"Butter, Fats, Milk",17.3,140,8.092486
10/1/23,2023,10,October,0406,Cheese And Curd,1469.6,7559,5.143576
11/1/23,2023,11,November,0401,Milk Not Concentrate,13491,37,0.002743
11/1/23,2023,11,November,0402,Milk Concentrated,963,3103,3.222222
11/1/23,2023,11,November,0403,Buttermilk,61.8,141,2.281553
11/1/23,2023,11,November,0404,"Whey, Natural Milk",22176.1,17623,0.794684
11/1/23,2023,11,November,0405,"Butter, Fats, Milk",0,0,
11/1/23,2023,11,November,0406,Cheese And Curd,1635.5,8987,5.494956
12/1/23,2023,12,December,0401,Milk Not Concentrate,0,0,
12/1/23,2023,12,December,0402,Milk Concentrated,736.5,2201,2.988459
12/1/23,2023,12,December,0403,Buttermilk,0,0,
12/1/23,2023,12,December,0404,"Whey, Natural Milk",16088.9,14024,0.871657
12/1/23,2023,12,December,0405,"Butter, Fats, Milk",17.3,151,8.728324
12/1/23,2023,12,December,0406,Cheese And Curd,1213.6,7106,5.855307
1/1/24,2024,1,January,0401,Milk Not Concentrate,0,0,
1/1/24,2024,1,January,0402,Milk Concentrated,785.4,2508,3.193277
1/1/24,2024,1,January,0403,Buttermilk,0,0,
1/1/24,2024,1,January,0404,"Whey, Natural Milk",14793.5,15978,1.080069
1/1/24,2024,1,January,0405,"Butter, Fats, Milk",0,0,
1/1/24,2024,1,January,0406,Cheese And Curd,339.8,1613,4.74691
2/1/24,2024,2,February,0401,Milk Not Concentrate,4153,11,0.002649
2/1/24,2024,2,February,0402,Milk Concentrated,687.2,2084,3.032596
2/1/24,2024,2,February,0403,Buttermilk,0,34,inf
2/1/24,2024,2,February,0404,"Whey, Natural Milk",16669.8,17741,1.06426
2/1/24,2024,2,February,0405,"Butter, Fats, Milk",18,202,11.222222
2/1/24,2024,2,February,0406,Cheese And Curd,1449.1,7391,5.100407
3/1/24,2024,3,March,0401,Milk Not Concentrate,9038,30,0.003319
3/1/24,2024,3,March,0402,Milk Concentrated,1351.4,3816,2.823738
3/1/24,2024,3,March,0403,Buttermilk,7.7,27,3.506494
3/1/24,2024,3,March,0404,"Whey, Natural Milk",15896.2,16789,1.056164
3/1/24,2024,3,March,0405,"Butter, Fats, Milk",0,0,
3/1/24,2024,3,March,0406,Cheese And Curd,653.4,3257,4.984695
4/1/24,2024,4,April,0401,Milk Not Concentrate,0,0,
4/1/24,2024,4,April,0402,Milk Concentrated,852,2430,2.852113
4/1/24,2024,4,April,0403,Buttermilk,5.3,70,13.207547
4/1/24,2024,4,April,0404,"Whey, Natural Milk",18611.4,18049,0.969782
4/1/24,2024,4,April,0405,"Butter, Fats, Milk",8.7,82,9.425287
4/1/24,2024,4,April,0406,Cheese And Curd,762.2,4234,5.554972
5/1/24,2024,5,May,0401,Milk Not Concentrate,2205,5,0.002268
5/1/24,2024,5,May,0402,Milk Concentrated,1505.4,3967,2.63518
5/1/24,2024,5,May,0403,Buttermilk,0,14,inf
5/1/24,2024,5,May,0404,"Whey, Natural Milk",20792.9,18299,0.88006
5/1/24,2024,5,May,0405,"Butter, Fats, Milk",9.2,88,9.565217
5/1/24,2024,5,May,0406,Cheese And Curd,1034.9,5060,4.889361
6/1/24,2024,6,June,0401,Milk Not Concentrate,0,0,
6/1/24,2024,6,June,0402,Milk Concentrated,658,1888,2.869301
6/1/24,2024,6,June,0403,Buttermilk,0,0,
6/1/24,2024,6,June,0404,"Whey, Natural Milk",18666.7,18532,0.992784
6/1/24,2024,6,June,0405,"Butter, Fats, Milk",8.7,84,9.655172
6/1/24,2024,6,June,0406,Cheese And Curd,496.4,2927,5.896454
7/1/24,2024,7,July,0401,Milk Not Concentrate,417,5,0.01199
7/1/24,2024,7,July,0402,Milk Concentrated,952.3,2726,2.862543
7/1/24,2024,7,July,0403,Buttermilk,0,20,inf
7/1/24,2024,7,July,0404,"Whey, Natural Milk",19128.4,16207,0.847274
7/1/24,2024,7,July,0405,"Butter, Fats, Milk",8.5,72,8.470588
7/1/24,2024,7,July,0406,Cheese And Curd,297.7,1894,6.36211
8/1/24,2024,8,August,0401,Milk Not Concentrate,6204,14,0.002257
8/1/24,2024,8,August,0402,Milk Concentrated,814,2254,2.769042
8/1/24,2024,8,August,0403,Buttermilk,3,17,5.666667
8/1/24,2024,8,August,0404,"Whey, Natural Milk",17183.7,22425,1.305016
8/1/24,2024,8,August,0405,"Butter, Fats, Milk",48.5,549,11.319588
8/1/24,2024,8,August,0406,Cheese And Curd,321.8,1878,5.835923
9/1/24,2024,9,September,0401,Milk Not Concentrate,5082,17,0.003345
9/1/24,2024,9,September,0402,Milk Concentrated,1142.4,3251,2.845763
9/1/24,2024,9,September,0403,Buttermilk,0,0,
9/1/24,2024,9,September,0404,"Whey, Natural Milk",20276.5,20478,1.009938
9/1/24,2024,9,September,0405,"Butter, Fats, Milk",32.6,394,12.08589
9/1/24,2024,9,September,0406,Cheese And Curd,283.5,1757,6.197531
10/1/24,2024,10,October,0401,Milk Not Concentrate,46017,39,0.000848
10/1/24,2024,10,October,0402,Milk Concentrated,1144.1,3163,2.764618
10/1/24,2024,10,October,0403,Buttermilk,0,0,
10/1/24,2024,10,October,0404,"Whey, Natural Milk",17686.2,20199,1.142077
10/1/24,2024,10,October,0405,"Butter, Fats, Milk",22.1,241,10.904977
10/1/24,2024,10,October,0406,Cheese And Curd,440.7,2852,6.471523
11/1/24,2024,11,November,0401,Milk Not Concentrate,0,0,
11/1/24,2024,11,November,0402,Milk Concentrated,845.6,2294,2.712867
11/1/24,2024,11,November,0403,Buttermilk,3.4,39,11.470588
11/1/24,2024,11,November,0404,"Whey, Natural Milk",16692.8,17910,1.072918
11/1/24,2024,11,November,0405,"Butter, Fats, Milk",92,180,1.956522
11/1/24,2024,11,November,0406,Cheese And Curd,505.4,3025,5.985358
12/1/24,2024,12,December,0401,Milk Not Concentrate,1252,3,0.002396
12/1/24,2024,12,December,0402,Milk Concentrated,1155.9,3429,2.96652
12/1/24,2024,12,December,0403,Buttermilk,6.3,44,6.984127
12/1/24,2024,12,December,0404,"Whey, Natural Milk",20015.8,19227,0.960591
12/1/24,2024,12,December,0405,"Butter, Fats, Milk",23.3,191,8.197425
12/1/24,2024,12,December,0406,Cheese And Curd,601.5,3721,6.186201
1/1/25,2025,1,January,0401,Milk Not Concentrate,9947,36,0.003619
1/1/25,2025,1,January,0402,Milk Concentrated,424.9,1148,2.701812
1/1/25,2025,1,January,0403,Buttermilk,0,21,inf
1/1/25,2025,1,January,0404,"Whey, Natural Milk",22555.8,25003,1.108495
1/1/25,2025,1,January,0405,"Butter, Fats, Milk",33.1,385,11.63142
1/1/25,2025,1,January,0406,Cheese And Curd,706.7,3602,5.096929
2/1/25,2025,2,February,0401,Milk Not Concentrate,9884,58,0.005868
2/1/25,2025,2,February,0402,Milk Concentrated,518.4,1452,2.800926
2/1/25,2025,2,February,0403,Buttermilk,0,0,
2/1/25,2025,2,February,0404,"Whey, Natural Milk",20749.3,21167,1.020131
2/1/25,2025,2,February,0405,"Butter, Fats, Milk",11.6,59,5.086207
2/1/25,2025,2,February,0406,Cheese And Curd,591.7,3391,5.730945
3/1/25,2025,3,March,0401,Milk Not Concentrate,0,0,
3/1/25,2025,3,March,0402,Milk Concentrated,585.7,1647,2.81202
3/1/25,2025,3,March,0403,Buttermilk,0,39,inf
3/1/25,2025,3,March,0404,"Whey, Natural Milk",21861.6,23288,1.065247
3/1/25,2025,3,March,0405,"Butter, Fats, Milk",16.2,28,1.728395
3/1/25,2025,3,March,0406,Cheese And Curd,443,2861,6.458239
4/1/25,2025,4,April,0401,Milk Not Concentrate,9452,26,0.002751
4/1/25,2025,4,April,0402,Milk Concentrated,379.1,1110,2.927987
4/1/25,2025,4,April,0403,Buttermilk,0,0,
4/1/25,2025,4,April,0404,"Whey, Natural Milk",11386.1,12304,1.080616
4/1/25,2025,4,April,0405,"Butter, Fats, Milk",11.6,121,10.431034
4/1/25,2025,4,April,0406,Cheese And Curd,354.2,2216,6.256352
5/1/25,2025,5,May,0401,Milk Not Concentrate,20000,65,0.00325
5/1/25,2025,5,May,0402,Milk Concentrated,309.3,866,2.799871
5/1/25,2025,5,May,0403,Buttermilk,0,0,
5/1/25,2025,5,May,0404,"Whey, Natural Milk",6265,5299,0.84581
5/1/25,2025,5,May,0405,"Butter, Fats, Milk",8.7,69,7.931034
5/1/25,2025,5,May,0406,Cheese And Curd,152.7,895,5.861166
6/1/25,2025,6,June,0401,Milk Not Concentrate,0,0,
6/1/25,2025,6,June,0402,Milk Concentrated,596.7,1376,2.306016
6/1/25,2025,6,June,0403,Buttermilk,0,39,inf
6/1/25,2025,6,June,0404,"Whey, Natural Milk",24667.5,21069,0.85412
6/1/25,2025,6,June,0405,"Butter, Fats, Milk",19.4,88,4.536082
6/1/25,2025,6,June,0406,Cheese And Curd,344.4,2007,5.827526
7/1/25,2025,7,July,0401,Milk Not Concentrate,1913,5,0.002614
7/1/25,2025,7,July,0402,Milk Concentrated,333.5,946,2.836582
7/1/25,2025,7,July,0403,Buttermilk,0.5,3,6
7/1/25,2025,7,July,0404,"Whey, Natural Milk",18275.6,16364,0.895402
7/1/25,2025,7,July,0405,"Butter, Fats, Milk",18,257,14.277778
7/1/25,2025,7,July,0406,Cheese And Curd,318.1,1677,5.271927
8/1/25,2025,8,August,0401,Milk Not Concentrate,179,3,0.01676
8/1/25,2025,8,August,0402,Milk Concentrated,409.4,1112,2.71617
8/1/25,2025,8,August,0403,Buttermilk,2.7,16,5.925926
8/1/25,2025,8,August,0404,"Whey, Natural Milk",17269,18316,1.060629
8/1/25,2025,8,August,0405,"Butter, Fats, Milk",10.6,76,7.169811
8/1/25,2025,8,August,0406,Cheese And Curd,353.7,2559,7.234945
9/1/25,2025,9,September,0401,Milk Not Concentrate,4283,11,0.002568
9/1/25,2025,9,September,0402,Milk Concentrated,250,693,2.772
9/1/25,2025,9,September,0403,Buttermilk,0,0,
9/1/25,2025,9,September,0404,"Whey, Natural Milk",19804.3,16951,0.855925
9/1/25,2025,9,September,0405,"Butter, Fats, Milk",26.7,330,12.359551
9/1/25,2025,9,September,0406,Cheese And Curd,346.7,1906,5.497548
10/1/25,2025,10,October,0401,Milk Not Concentrate,5731,17,0.002966
10/1/25,2025,10,October,0402,Milk Concentrated,690.8,1966,2.845976
10/1/25,2025,10,October,0403,Buttermilk,0,20,inf
10/1/25,2025,10,October,0404,"Whey, Natural Milk",18136.2,20416,1.125704
10/1/25,2025,10,October,0405,"Butter, Fats, Milk",18.7,110,5.882353
10/1/25,2025,10,October,0406,Cheese And Curd,466.1,2420,5.192019
11/1/25,2025,11,November,0401,Milk Not Concentrate,0,0,
11/1/25,2025,11,November,0402,Milk Concentrated,270.5,790,2.920518
11/1/25,2025,11,November,0403,Buttermilk,1.2,7,5.833333
11/1/25,2025,11,November,0404,"Whey, Natural Milk",21796.5,19927,0.914229
11/1/25,2025,11,November,0405,"Butter, Fats, Milk",8.7,64,7.356322
11/1/25,2025,11,November,0406,Cheese And Curd,175.8,1128,6.416382
12/1/25,2025,12,December,0401,Milk Not Concentrate,11426,31,0.002713
12/1/25,2025,12,December,0402,Milk Concentrated,395.5,1096,2.771176
12/1/25,2025,12,December,0403,Buttermilk,0,20,inf
12/1/25,2025,12,December,0404,"Whey, Natural Milk",21645.1,19716,0.910876
12/1/25,2025,12,December,0405,"Butter, Fats, Milk",8.7,64,7.356322
12/1/25,2025,12,December,0406,Cheese And Curd,279.4,1637,5.858984
1/1/26,2026,1,January,0401,Milk Not Concentrate,600,10,0.016667
1/1/26,2026,1,January,0402,Milk Concentrated,370.8,915,2.467638
1/1/26,2026,1,January,0404,"Whey, Natural Milk",19911.3,15352,0.771019
1/1/26,2026,1,January,0406,Cheese And Curd,307.2,1840,5.989583